{
	"carName": "ginetta_g55_gt4",
	"basicSetup":
	{
		"tyres":
		{
			"tyreCompound": 1,
			"tyrePressure": [ 105, 105, 110, 110 ]
		},
		"alignment":
		{
			"camber": [ 15, 15, 30, 30 ],
			"toe": [ 40, 40, 40, 40 ],
			"staticCamber": [ -2.002396821975708, -2.0020730495452881, 0.98691260814666748, 0.98691433668136597 ],
			"toeOutLinear": [ 3.5155877412762493e-05, 3.5092023608740419e-05, 7.674346852581948e-05, 7.673638901906088e-05 ],
			"casterLF": 15,
			"casterRF": 15,
			"steerRatio": 5
		},
		"electronics":
		{
			"tC1": 4,
			"tC2": 1,
			"abs": 5,
			"eCUMap": 0,
			"fuelMix": 0,
			"telemetryLaps": 99
		},
		"strategy":
		{
			"fuel": 13,
			"nPitStops": 0,
			"tyreSet": 0,
			"frontBrakePadCompound": 0,
			"rearBrakePadCompound": 0,
			"pitStrategy": [
				{
					"fuelToAdd": 0,
					"tyres":
					{
						"tyreCompound": 0,
						"tyrePressure": [ 49, 54, 47, 50 ]
					},
					"tyreSet": 2,
					"frontBrakePadCompound": 1,
					"rearBrakePadCompound": 1
				}
			],
			"fuelPerLap": 2.2000000476837158
		}
	},
	"advancedSetup":
	{
		"mechanicalBalance":
		{
			"aRBFront": 2,
			"aRBRear": 1,
			"wheelRate": [ 1, 1, 1, 1 ],
			"bumpStopRateUp": [ 0, 0, 0, 0 ],
			"bumpStopRateDn": [ 0, 0, 10, 10 ],
			"bumpStopWindow": [ 175, 175, 172, 172 ],
			"brakeTorque": 20,
			"brakeBias": 35
		},
		"dampers":
		{
			"bumpSlow": [ 10, 10, 5, 5 ],
			"bumpFast": [ 0, 0, 0, 0 ],
			"reboundSlow": [ 9, 9, 9, 9 ],
			"reboundFast": [ 0, 0, 0, 0 ]
		},
		"aeroBalance":
		{
			"rideHeight": [ 0, 11, 6, 18 ],
			"rodLength": [ 8.3228874206542969, 8.3228874206542969, -9.0569562911987305, -9.0569562911987305 ],
			"splitter": 0,
			"rearWing": 2,
			"brakeDuct": [ 2, 2 ]
		},
		"drivetrain":
		{
			"preload": 2
		}
	},
	"trackBopType": 19
}