{
	"carName": "porsche_718_cayman_gt4_mr",
	"basicSetup":
	{
		"tyres":
		{
			"tyreCompound": 0,
			"tyrePressure": [ 47, 59, 49, 57 ]
		},
		"alignment":
		{
			"camber": [ 0, 0, 0, 0 ],
			"toe": [ 20, 20, 20, 20 ],
			"staticCamber": [ -5.5817980766296387, -5.562929630279541, -5.4994468688964844, -5.491905689239502 ],
			"toeOutLinear": [ 0.00097679405007511377, 0.00094707944663241506, -0.00070620863698422909, -0.0007045879028737545 ],
			"casterLF": 17,
			"casterRF": 17,
			"steerRatio": 3
		},
		"electronics":
		{
			"tC1": 1,
			"tC2": 0,
			"abs": 3,
			"eCUMap": 0,
			"fuelMix": 0,
			"telemetryLaps": 99
		},
		"strategy":
		{
			"fuel": 8,
			"nPitStops": 0,
			"tyreSet": 0,
			"frontBrakePadCompound": 0,
			"rearBrakePadCompound": 0,
			"pitStrategy": [
				{
					"fuelToAdd": 0,
					"tyres":
					{
						"tyreCompound": 0,
						"tyrePressure": [ 43, 53, 39, 49 ]
					},
					"tyreSet": 2,
					"frontBrakePadCompound": 1,
					"rearBrakePadCompound": 1
				}
			],
			"fuelPerLap": 2.5251147747039795
		}
	},
	"advancedSetup":
	{
		"mechanicalBalance":
		{
			"aRBFront": 4,
			"aRBRear": 4,
			"wheelRate": [ 0, 0, 4, 4 ],
			"bumpStopRateUp": [ 0, 0, 0, 0 ],
			"bumpStopRateDn": [ 0, 0, 10, 10 ],
			"bumpStopWindow": [ 0, 0, 0, 0 ],
			"brakeTorque": 20,
			"brakeBias": 10
		},
		"dampers":
		{
			"bumpSlow": [ 10, 10, 17, 17 ],
			"bumpFast": [ 6, 6, 6, 6 ],
			"reboundSlow": [ 17, 17, 5, 6 ],
			"reboundFast": [ 0, 0, 0, 0 ]
		},
		"aeroBalance":
		{
			"rideHeight": [ 0, 11, 21, 18 ],
			"rodLength": [ 46.029579162597656, 46.029579162597656, 34.654232025146484, 34.654232025146484 ],
			"splitter": 0,
			"rearWing": 0,
			"brakeDuct": [ 3, 2 ]
		},
		"drivetrain":
		{
			"preload": 1
		}
	},
	"trackBopType": 6
}