{
	"carName": "porsche_991ii_gt3_r",
	"basicSetup":
	{
		"tyres":
		{
			"tyreCompound": 0,
			"tyrePressure": [ 62, 66, 59, 62 ]
		},
		"alignment":
		{
			"camber": [ 15, 15, 10, 10 ],
			"toe": [ 25, 25, 25, 25 ],
			"staticCamber": [ -6.124997615814209, -6.1233716011047363, -0.99054843187332153, -0.98782175779342651 ],
			"toeOutLinear": [ 4.637122037820518e-05, 4.6351746277650818e-05, -0.0046882885508239269, -0.0046881888993084431 ],
			"casterLF": 11,
			"casterRF": 11,
			"steerRatio": 3
		},
		"electronics":
		{
			"tC1": 1,
			"tC2": 4,
			"abs": 3,
			"eCUMap": 7,
			"fuelMix": 0,
			"telemetryLaps": 99
		},
		"strategy":
		{
			"fuel": 0,
			"nPitStops": 0,
			"tyreSet": 4,
			"frontBrakePadCompound": 0,
			"rearBrakePadCompound": 0,
			"pitStrategy": [
				{
					"fuelToAdd": 0,
					"tyres":
					{
						"tyreCompound": 0,
						"tyrePressure": [ 50, 62, 48, 57 ]
					},
					"tyreSet": 2,
					"frontBrakePadCompound": 1,
					"rearBrakePadCompound": 1
				}
			],
			"fuelPerLap": 2.7000000476837158
		}
	},
	"advancedSetup":
	{
		"mechanicalBalance":
		{
			"aRBFront": 2,
			"aRBRear": 1,
			"wheelRate": [ 6, 6, 4, 4 ],
			"bumpStopRateUp": [ 6, 6, 2, 2 ],
			"bumpStopRateDn": [ 0, 0, 10, 10 ],
			"bumpStopWindow": [ 1, 1, 50, 50 ],
			"brakeTorque": 20,
			"brakeBias": 45
		},
		"dampers":
		{
			"bumpSlow": [ 9, 9, 12, 12 ],
			"bumpFast": [ 5, 5, 4, 4 ],
			"reboundSlow": [ 12, 12, 10, 10 ],
			"reboundFast": [ 3, 3, 5, 5 ]
		},
		"aeroBalance":
		{
			"rideHeight": [ 2, 11, 14, 18 ],
			"rodLength": [ 50.962360382080078, 50.962360382080078, -51.961471557617188, -51.961471557617188 ],
			"splitter": 2,
			"rearWing": 12,
			"brakeDuct": [ 2, 2 ]
		},
		"drivetrain":
		{
			"preload": 4
		}
	},
	"trackBopType": 20
}