{
	"carName": "ferrari_488_gt3",
	"basicSetup":
	{
		"tyres":
		{
			"tyreCompound": 0,
			"tyrePressure": [ 59, 69, 56, 64 ]
		},
		"alignment":
		{
			"camber": [ 16, 16, 16, 16 ],
			"toe": [ 37, 37, 46, 46 ],
			"staticCamber": [ -2.3318326473236084, -2.3118326663970947, -2.283301830291748, -2.2623076438903809 ],
			"toeOutLinear": [ -0.0021844394505023956, -0.0021857407409697771, -0.00015594472642987967, -0.00015572647680528462 ],
			"casterLF": 48,
			"casterRF": 48,
			"steerRatio": 5
		},
		"electronics":
		{
			"tC1": 5,
			"tC2": 4,
			"abs": 3,
			"eCUMap": 0,
			"fuelMix": 0,
			"telemetryLaps": 4
		},
		"strategy":
		{
			"fuel": 0,
			"nPitStops": 0,
			"tyreSet": 0,
			"frontBrakePadCompound": 1,
			"rearBrakePadCompound": 1,
			"pitStrategy": [
				{
					"fuelToAdd": 0,
					"tyres":
					{
						"tyreCompound": 0,
						"tyrePressure": [ 55, 55, 50, 50 ]
					},
					"tyreSet": 2,
					"frontBrakePadCompound": 1,
					"rearBrakePadCompound": 1
				}
			],
			"fuelPerLap": 3
		}
	},
	"advancedSetup":
	{
		"mechanicalBalance":
		{
			"aRBFront": 24,
			"aRBRear": 8,
			"wheelRate": [ 8, 8, 3, 3 ],
			"bumpStopRateUp": [ 7, 7, 2, 2 ],
			"bumpStopRateDn": [ 0, 0, 10, 10 ],
			"bumpStopWindow": [ 1, 1, 20, 20 ],
			"brakeTorque": 20,
			"brakeBias": 42
		},
		"dampers":
		{
			"bumpSlow": [ 6, 6, 4, 4 ],
			"bumpFast": [ 2, 2, 5, 5 ],
			"reboundSlow": [ 5, 5, 6, 6 ],
			"reboundFast": [ 4, 4, 7, 7 ]
		},
		"aeroBalance":
		{
			"rideHeight": [ 8, 6, 5, 18 ],
			"rodLength": [ -28.273954391479492, -28.273954391479492, -21.813680648803711, -21.813680648803711 ],
			"splitter": 0,
			"rearWing": 3,
			"brakeDuct": [ 3, 2 ]
		},
		"drivetrain":
		{
			"preload": 23
		}
	}
}