{
	"carName": "honda_nsx_gt3_evo",
	"basicSetup":
	{
		"tyres":
		{
			"tyreCompound": 0,
			"tyrePressure": [ 61, 55, 60, 54 ]
		},
		"alignment":
		{
			"camber": [ 0, 0, 0, 0 ],
			"toe": [ 25, 25, 40, 40 ],
			"staticCamber": [ -3.1841859817504883, -3.1874425411224365, -3.0732865333557129, -3.0779774188995361 ],
			"toeOutLinear": [ 0.00082818750524893403, 0.00082818558439612389, 0.00057127996115013957, 0.00057125609600916505 ],
			"casterLF": 4,
			"casterRF": 4,
			"steerRatio": 5
		},
		"electronics":
		{
			"tC1": 1,
			"tC2": 11,
			"abs": 4,
			"eCUMap": 3,
			"fuelMix": 0,
			"telemetryLaps": 7
		},
		"strategy":
		{
			"fuel": 13,
			"nPitStops": 0,
			"tyreSet": 1,
			"frontBrakePadCompound": 0,
			"rearBrakePadCompound": 0,
			"pitStrategy": [
				{
					"fuelToAdd": 0,
					"tyres":
					{
						"tyreCompound": 0,
						"tyrePressure": [ 61, 52, 55, 49 ]
					},
					"tyreSet": 2,
					"frontBrakePadCompound": 1,
					"rearBrakePadCompound": 1
				}
			],
			"fuelPerLap": 3.566272497177124
		}
	},
	"advancedSetup":
	{
		"mechanicalBalance":
		{
			"aRBFront": 5,
			"aRBRear": 3,
			"wheelRate": [ 14, 14, 10, 10 ],
			"bumpStopRateUp": [ 8, 8, 0, 0 ],
			"bumpStopRateDn": [ 0, 0, 10, 10 ],
			"bumpStopWindow": [ 25, 25, 0, 0 ],
			"brakeTorque": 20,
			"brakeBias": 30
		},
		"dampers":
		{
			"bumpSlow": [ 12, 12, 10, 10 ],
			"bumpFast": [ 14, 14, 14, 14 ],
			"reboundSlow": [ 12, 12, 10, 10 ],
			"reboundFast": [ 14, 14, 14, 14 ]
		},
		"aeroBalance":
		{
			"rideHeight": [ 0, 6, 12, 18 ],
			"rodLength": [ -14.348432540893555, -14.348432540893555, -1.6621170043945313, -1.6621170043945313 ],
			"splitter": 0,
			"rearWing": 4,
			"brakeDuct": [ 3, 3 ]
		},
		"drivetrain":
		{
			"preload": 28
		}
	},
	"trackBopType": 39
}