{
	"carName": "porsche_992_gt3_r",
	"basicSetup":
	{
		"tyres":
		{
			"tyreCompound": 0,
			"tyrePressure": [ 58, 58, 50, 49 ]
		},
		"alignment":
		{
			"camber": [ 0, 0, 0, 0 ],
			"toe": [ 20, 20, 20, 20 ],
			"staticCamber": [ -4.5770244598388672, -4.5770783424377441, 0.24359381198883057, 0.24282363057136536 ],
			"toeOutLinear": [ 0.00041047661215998232, 0.00041048595448955894, -0.0058385576121509075, -0.0058385860174894333 ],
			"casterLF": 18,
			"casterRF": 18,
			"steerRatio": 4
		},
		"electronics":
		{
			"tC1": 4,
			"tC2": 0,
			"abs": 2,
			"eCUMap": 7,
			"fuelMix": 0,
			"telemetryLaps": 99
		},
		"strategy":
		{
			"fuel": 12,
			"nPitStops": 0,
			"tyreSet": 3,
			"frontBrakePadCompound": 0,
			"rearBrakePadCompound": 0,
			"pitStrategy": [
				{
					"fuelToAdd": 0,
					"tyres":
					{
						"tyreCompound": 0,
						"tyrePressure": [ 56, 57, 50, 51 ]
					},
					"tyreSet": 2,
					"frontBrakePadCompound": 1,
					"rearBrakePadCompound": 1
				}
			],
			"fuelPerLap": 2.7640931606292725
		}
	},
	"advancedSetup":
	{
		"mechanicalBalance":
		{
			"aRBFront": 4,
			"aRBRear": 4,
			"wheelRate": [ 3, 3, 3, 3 ],
			"bumpStopRateUp": [ 7, 7, 12, 12 ],
			"bumpStopRateDn": [ 0, 0, 10, 10 ],
			"bumpStopWindow": [ 25, 25, 5, 5 ],
			"brakeTorque": 20,
			"brakeBias": 22
		},
		"dampers":
		{
			"bumpSlow": [ 2, 2, 13, 13 ],
			"bumpFast": [ 12, 12, 12, 12 ],
			"reboundSlow": [ 8, 8, 12, 12 ],
			"reboundFast": [ 9, 9, 9, 9 ]
		},
		"aeroBalance":
		{
			"rideHeight": [ 0, 11, 14, 18 ],
			"rodLength": [ 34.235771179199219, 34.235771179199219, -62.616645812988281, -62.616645812988281 ],
			"splitter": 0,
			"rearWing": 12,
			"brakeDuct": [ 3, 4 ]
		},
		"drivetrain":
		{
			"preload": 22
		}
	},
	"trackBopType": 44
}