{
	"carName": "porsche_992_gt3_r",
	"basicSetup":
	{
		"tyres":
		{
			"tyreCompound": 0,
			"tyrePressure": [ 58, 58, 50, 49 ]
		},
		"alignment":
		{
			"camber": [ 0, 0, 0, 0 ],
			"toe": [ 20, 20, 20, 20 ],
			"staticCamber": [ -4.5770683288574219, -4.5770692825317383, 0.24356670677661896, 0.24281252920627594 ],
			"toeOutLinear": [ 0.00041048604180105031, 0.00041048941784538329, -0.0058385557495057583, -0.0058385762386023998 ],
			"casterLF": 18,
			"casterRF": 18,
			"steerRatio": 4
		},
		"electronics":
		{
			"tC1": 4,
			"tC2": 0,
			"abs": 2,
			"eCUMap": 7,
			"fuelMix": 0,
			"telemetryLaps": 99
		},
		"strategy":
		{
			"fuel": 12,
			"nPitStops": 0,
			"tyreSet": 5,
			"frontBrakePadCompound": 0,
			"rearBrakePadCompound": 0,
			"pitStrategy": [
				{
					"fuelToAdd": 0,
					"tyres":
					{
						"tyreCompound": 0,
						"tyrePressure": [ 56, 57, 50, 51 ]
					},
					"tyreSet": 2,
					"frontBrakePadCompound": 1,
					"rearBrakePadCompound": 1
				}
			],
			"fuelPerLap": 2.7639563083648682
		}
	},
	"advancedSetup":
	{
		"mechanicalBalance":
		{
			"aRBFront": 6,
			"aRBRear": 6,
			"wheelRate": [ 3, 3, 2, 2 ],
			"bumpStopRateUp": [ 7, 7, 12, 12 ],
			"bumpStopRateDn": [ 0, 0, 10, 10 ],
			"bumpStopWindow": [ 30, 30, 10, 10 ],
			"brakeTorque": 20,
			"brakeBias": 22
		},
		"dampers":
		{
			"bumpSlow": [ 2, 2, 13, 13 ],
			"bumpFast": [ 12, 12, 12, 12 ],
			"reboundSlow": [ 8, 8, 12, 12 ],
			"reboundFast": [ 9, 9, 9, 9 ]
		},
		"aeroBalance":
		{
			"rideHeight": [ 0, 11, 14, 18 ],
			"rodLength": [ 34.236244201660156, 34.236244201660156, -61.978019714355469, -61.978019714355469 ],
			"splitter": 0,
			"rearWing": 12,
			"brakeDuct": [ 3, 4 ]
		},
		"drivetrain":
		{
			"preload": 22
		}
	},
	"trackBopType": 44
}