{
	"carName": "mclaren_720s_gt3",
	"basicSetup":
	{
		"tyres":
		{
			"tyreCompound": 0,
			"tyrePressure": [ 64, 66, 62, 64 ]
		},
		"alignment":
		{
			"camber": [ 10, 10, 10, 10 ],
			"toe": [ 38, 38, 20, 20 ],
			"staticCamber": [ -3.6050028800964355, -3.6042208671569824, -3.2407479286193848, -3.2391617298126221 ],
			"toeOutLinear": [ 0.0016940319910645485, 0.0016939386259764433, 0.00037684242124669254, 0.00037684058770537376 ],
			"casterLF": 11,
			"casterRF": 11,
			"steerRatio": 2
		},
		"electronics":
		{
			"tC1": 1,
			"tC2": 6,
			"abs": 3,
			"eCUMap": 0,
			"fuelMix": 0,
			"telemetryLaps": 99
		},
		"strategy":
		{
			"fuel": 0,
			"nPitStops": 0,
			"tyreSet": 4,
			"frontBrakePadCompound": 0,
			"rearBrakePadCompound": 0,
			"pitStrategy": [
				{
					"fuelToAdd": 0,
					"tyres":
					{
						"tyreCompound": 0,
						"tyrePressure": [ 52, 59, 52, 59 ]
					},
					"tyreSet": 2,
					"frontBrakePadCompound": 1,
					"rearBrakePadCompound": 1
				}
			],
			"fuelPerLap": 2.7100000381469727
		}
	},
	"advancedSetup":
	{
		"mechanicalBalance":
		{
			"aRBFront": 9,
			"aRBRear": 6,
			"wheelRate": [ 0, 0, 1, 1 ],
			"bumpStopRateUp": [ 5, 5, 2, 2 ],
			"bumpStopRateDn": [ 0, 0, 10, 10 ],
			"bumpStopWindow": [ 2, 2, 50, 50 ],
			"brakeTorque": 20,
			"brakeBias": 25
		},
		"dampers":
		{
			"bumpSlow": [ 26, 26, 30, 28 ],
			"bumpFast": [ 31, 31, 20, 20 ],
			"reboundSlow": [ 20, 20, 20, 20 ],
			"reboundFast": [ 18, 18, 25, 25 ]
		},
		"aeroBalance":
		{
			"rideHeight": [ 8, 6, 6, 18 ],
			"rodLength": [ 69.654022216796875, 69.654022216796875, 39.316459655761719, 39.316459655761719 ],
			"splitter": 0,
			"rearWing": 7,
			"brakeDuct": [ 2, 2 ]
		},
		"drivetrain":
		{
			"preload": 1
		}
	},
	"trackBopType": 28
}