{
	"carName": "porsche_718_cayman_gt4_mr",
	"basicSetup":
	{
		"tyres":
		{
			"tyreCompound": 0,
			"tyrePressure": [ 42, 49, 51, 53 ]
		},
		"alignment":
		{
			"camber": [ 0, 0, 0, 0 ],
			"toe": [ 25, 25, 25, 25 ],
			"staticCamber": [ -5.2966184616088867, -5.2805399894714355, -5.4830026626586914, -5.4797811508178711 ],
			"toeOutLinear": [ 0.0006543822237290442, 0.00063327664975076914, -0.00052370899356901646, -0.00052406004397198558 ],
			"casterLF": 21,
			"casterRF": 21,
			"steerRatio": 3
		},
		"electronics":
		{
			"tC1": 2,
			"tC2": 0,
			"abs": 3,
			"eCUMap": 0,
			"fuelMix": 0,
			"telemetryLaps": 99
		},
		"strategy":
		{
			"fuel": 8,
			"nPitStops": 0,
			"tyreSet": 2,
			"frontBrakePadCompound": 0,
			"rearBrakePadCompound": 0,
			"pitStrategy": [
				{
					"fuelToAdd": 0,
					"tyres":
					{
						"tyreCompound": 0,
						"tyrePressure": [ 35, 48, 30, 43 ]
					},
					"tyreSet": 2,
					"frontBrakePadCompound": 1,
					"rearBrakePadCompound": 1
				}
			],
			"fuelPerLap": 2.3889904022216797
		}
	},
	"advancedSetup":
	{
		"mechanicalBalance":
		{
			"aRBFront": 3,
			"aRBRear": 2,
			"wheelRate": [ 0, 0, 4, 4 ],
			"bumpStopRateUp": [ 0, 0, 0, 0 ],
			"bumpStopRateDn": [ 0, 0, 10, 10 ],
			"bumpStopWindow": [ 0, 0, 0, 0 ],
			"brakeTorque": 20,
			"brakeBias": 25
		},
		"dampers":
		{
			"bumpSlow": [ 6, 6, 7, 7 ],
			"bumpFast": [ 4, 4, 5, 5 ],
			"reboundSlow": [ 11, 11, 11, 11 ],
			"reboundFast": [ 0, 0, 0, 0 ]
		},
		"aeroBalance":
		{
			"rideHeight": [ 0, 11, 26, 18 ],
			"rodLength": [ 35.239063262939453, 35.239063262939453, 33.28485107421875, 33.28485107421875 ],
			"splitter": 0,
			"rearWing": 4,
			"brakeDuct": [ 4, 3 ]
		},
		"drivetrain":
		{
			"preload": 6
		}
	},
	"trackBopType": 8
}