{
	"carName": "ferrari_488_gt3",
	"basicSetup":
	{
		"tyres":
		{
			"tyreCompound": 0,
			"tyrePressure": [ 66, 68, 60, 62 ]
		},
		"alignment":
		{
			"camber": [ 14, 14, 14, 14 ],
			"toe": [ 35, 35, 49, 49 ],
			"staticCamber": [ -2.4706697463989258, -2.4698729515075684, -2.4137191772460938, -2.412973165512085 ],
			"toeOutLinear": [ -0.0022090079728513956, -0.0022085749078541994, -8.6471227405127138e-05, -8.6277133959811181e-05 ],
			"casterLF": 48,
			"casterRF": 48,
			"steerRatio": 5
		},
		"electronics":
		{
			"tC1": 3,
			"tC2": 3,
			"abs": 3,
			"eCUMap": 0,
			"fuelMix": 0,
			"telemetryLaps": 4
		},
		"strategy":
		{
			"fuel": 18,
			"nPitStops": 0,
			"tyreSet": 0,
			"frontBrakePadCompound": 0,
			"rearBrakePadCompound": 0,
			"pitStrategy": [
				{
					"fuelToAdd": 0,
					"tyres":
					{
						"tyreCompound": 0,
						"tyrePressure": [ 54, 54, 48, 48 ]
					},
					"tyreSet": 2,
					"frontBrakePadCompound": 1,
					"rearBrakePadCompound": 1
				}
			],
			"fuelPerLap": 3.7000000476837158
		}
	},
	"advancedSetup":
	{
		"mechanicalBalance":
		{
			"aRBFront": 21,
			"aRBRear": 1,
			"wheelRate": [ 7, 7, 3, 3 ],
			"bumpStopRateUp": [ 8, 8, 3, 3 ],
			"bumpStopRateDn": [ 0, 0, 10, 10 ],
			"bumpStopWindow": [ 4, 4, 15, 15 ],
			"brakeTorque": 20,
			"brakeBias": 37
		},
		"dampers":
		{
			"bumpSlow": [ 8, 8, 4, 4 ],
			"bumpFast": [ 3, 3, 2, 2 ],
			"reboundSlow": [ 6, 6, 7, 7 ],
			"reboundFast": [ 5, 5, 4, 4 ]
		},
		"aeroBalance":
		{
			"rideHeight": [ 6, 6, 3, 18 ],
			"rodLength": [ -29.346717834472656, -29.346717834472656, -22.295125961303711, -22.295125961303711 ],
			"splitter": 0,
			"rearWing": 10,
			"brakeDuct": [ 3, 2 ]
		},
		"drivetrain":
		{
			"preload": 18
		}
	}
}