{
	"carName": "mercedes_amg_gt3_evo",
	"basicSetup":
	{
		"tyres":
		{
			"tyreCompound": 0,
			"tyrePressure": [ 55, 59, 56, 57 ]
		},
		"alignment":
		{
			"camber": [ 20, 20, 4, 4 ],
			"toe": [ 35, 35, 46, 46 ],
			"staticCamber": [ -3.5622060298919678, -3.5597307682037354, -4.2790908813476563, -4.2782058715820313 ],
			"toeOutLinear": [ -0.00025206583086401224, -0.00025208439910784364, 0.00011453401384642348, 0.00011470840399852023 ],
			"casterLF": 31,
			"casterRF": 31,
			"steerRatio": 0
		},
		"electronics":
		{
			"tC1": 6,
			"tC2": 0,
			"abs": 3,
			"eCUMap": 0,
			"fuelMix": 0,
			"telemetryLaps": 99
		},
		"strategy":
		{
			"fuel": 28,
			"nPitStops": 0,
			"tyreSet": 1,
			"frontBrakePadCompound": 0,
			"rearBrakePadCompound": 0,
			"pitStrategy": [
				{
					"fuelToAdd": 0,
					"tyres":
					{
						"tyreCompound": 0,
						"tyrePressure": [ 53, 48, 54, 52 ]
					},
					"tyreSet": 2,
					"frontBrakePadCompound": 1,
					"rearBrakePadCompound": 1
				}
			],
			"fuelPerLap": 3.4991366863250732
		}
	},
	"advancedSetup":
	{
		"mechanicalBalance":
		{
			"aRBFront": 4,
			"aRBRear": 2,
			"wheelRate": [ 3, 3, 5, 5 ],
			"bumpStopRateUp": [ 11, 11, 3, 3 ],
			"bumpStopRateDn": [ 0, 0, 10, 10 ],
			"bumpStopWindow": [ 25, 25, 40, 40 ],
			"brakeTorque": 20,
			"brakeBias": 35
		},
		"dampers":
		{
			"bumpSlow": [ 7, 7, 6, 6 ],
			"bumpFast": [ 3, 3, 3, 3 ],
			"reboundSlow": [ 7, 7, 7, 7 ],
			"reboundFast": [ 6, 6, 5, 5 ]
		},
		"aeroBalance":
		{
			"rideHeight": [ 3, 6, 7, 18 ],
			"rodLength": [ 7.7449164390563965, 7.7449164390563965, 64.283836364746094, 64.283836364746094 ],
			"splitter": 3,
			"rearWing": 10,
			"brakeDuct": [ 2, 1 ]
		},
		"drivetrain":
		{
			"preload": 4
		}
	},
	"trackBopType": 14
}