{
	"carName": "mercedes_amg_gt3_evo",
	"basicSetup":
	{
		"tyres":
		{
			"tyreCompound": 0,
			"tyrePressure": [ 50, 51, 54, 55 ]
		},
		"alignment":
		{
			"camber": [ 20, 20, 4, 4 ],
			"toe": [ 35, 35, 46, 46 ],
			"staticCamber": [ -3.5643041133880615, -3.5640742778778076, -4.2791409492492676, -4.2784514427185059 ],
			"toeOutLinear": [ -0.00024940393632277846, -0.00024984049377962947, 0.00011488366726553068, 0.00011489093594718724 ],
			"casterLF": 31,
			"casterRF": 31,
			"steerRatio": 0
		},
		"electronics":
		{
			"tC1": 6,
			"tC2": 0,
			"abs": 3,
			"eCUMap": 0,
			"fuelMix": 0,
			"telemetryLaps": 99
		},
		"strategy":
		{
			"fuel": 28,
			"nPitStops": 0,
			"tyreSet": 0,
			"frontBrakePadCompound": 0,
			"rearBrakePadCompound": 0,
			"pitStrategy": [
				{
					"fuelToAdd": 0,
					"tyres":
					{
						"tyreCompound": 0,
						"tyrePressure": [ 53, 48, 54, 52 ]
					},
					"tyreSet": 2,
					"frontBrakePadCompound": 1,
					"rearBrakePadCompound": 1
				}
			],
			"fuelPerLap": 3.5359172821044922
		}
	},
	"advancedSetup":
	{
		"mechanicalBalance":
		{
			"aRBFront": 4,
			"aRBRear": 2,
			"wheelRate": [ 3, 3, 5, 5 ],
			"bumpStopRateUp": [ 11, 11, 3, 3 ],
			"bumpStopRateDn": [ 0, 0, 10, 10 ],
			"bumpStopWindow": [ 25, 25, 40, 40 ],
			"brakeTorque": 20,
			"brakeBias": 35
		},
		"dampers":
		{
			"bumpSlow": [ 7, 7, 6, 6 ],
			"bumpFast": [ 3, 3, 3, 3 ],
			"reboundSlow": [ 7, 7, 7, 7 ],
			"reboundFast": [ 6, 6, 5, 5 ]
		},
		"aeroBalance":
		{
			"rideHeight": [ 3, 6, 7, 18 ],
			"rodLength": [ 6.8727078437805176, 6.8727078437805176, 64.302177429199219, 64.302177429199219 ],
			"splitter": 3,
			"rearWing": 10,
			"brakeDuct": [ 3, 2 ]
		},
		"drivetrain":
		{
			"preload": 4
		}
	},
	"trackBopType": 14
}