{
	"carName": "mercedes_amg_gt3_evo",
	"basicSetup":
	{
		"tyres":
		{
			"tyreCompound": 0,
			"tyrePressure": [ 48, 49, 52, 54 ]
		},
		"alignment":
		{
			"camber": [ 0, 0, 0, 0 ],
			"toe": [ 30, 30, 43, 43 ],
			"staticCamber": [ -3.552497386932373, -3.5518093109130859, -4.2180442810058594, -4.2166705131530762 ],
			"toeOutLinear": [ -0.000181265888386406, -0.00018126569921150804, 0.00012349469761829823, 0.00012336876534391195 ],
			"casterLF": 44,
			"casterRF": 44,
			"steerRatio": 0
		},
		"electronics":
		{
			"tC1": 6,
			"tC2": 0,
			"abs": 4,
			"eCUMap": 0,
			"fuelMix": 0,
			"telemetryLaps": 99
		},
		"strategy":
		{
			"fuel": 18,
			"nPitStops": 0,
			"tyreSet": 2,
			"frontBrakePadCompound": 0,
			"rearBrakePadCompound": 0,
			"pitStrategy": [
				{
					"fuelToAdd": 0,
					"tyres":
					{
						"tyreCompound": 0,
						"tyrePressure": [ 53, 48, 54, 52 ]
					},
					"tyreSet": 2,
					"frontBrakePadCompound": 1,
					"rearBrakePadCompound": 1
				}
			],
			"fuelPerLap": 3.0926284790039063
		}
	},
	"advancedSetup":
	{
		"mechanicalBalance":
		{
			"aRBFront": 4,
			"aRBRear": 2,
			"wheelRate": [ 3, 3, 5, 5 ],
			"bumpStopRateUp": [ 11, 11, 3, 3 ],
			"bumpStopRateDn": [ 0, 0, 10, 10 ],
			"bumpStopWindow": [ 25, 25, 40, 40 ],
			"brakeTorque": 20,
			"brakeBias": 40
		},
		"dampers":
		{
			"bumpSlow": [ 7, 7, 6, 6 ],
			"bumpFast": [ 3, 3, 3, 3 ],
			"reboundSlow": [ 7, 7, 7, 7 ],
			"reboundFast": [ 6, 6, 5, 5 ]
		},
		"aeroBalance":
		{
			"rideHeight": [ 3, 6, 13, 18 ],
			"rodLength": [ 8.0988302230834961, 8.0988302230834961, 70.680549621582031, 70.680549621582031 ],
			"splitter": 3,
			"rearWing": 10,
			"brakeDuct": [ 4, 3 ]
		},
		"drivetrain":
		{
			"preload": 4
		}
	},
	"trackBopType": 42
}