{
	"carName": "porsche_991ii_gt3_r",
	"basicSetup":
	{
		"tyres":
		{
			"tyreCompound": 0,
			"tyrePressure": [ 67, 67, 60, 60 ]
		},
		"alignment":
		{
			"camber": [ 0, 0, 3, 3 ],
			"toe": [ 38, 38, 55, 55 ],
			"staticCamber": [ -5.1031131744384766, -5.1028585433959961, -0.18684694170951843, -0.18673667311668396 ],
			"toeOutLinear": [ -0.00025448141968809068, -0.00025451151304878294, -0.0059350407682359219, -0.0059350295923650265 ],
			"casterLF": 11,
			"casterRF": 11,
			"steerRatio": 5
		},
		"electronics":
		{
			"tC1": 3,
			"tC2": 5,
			"abs": 4,
			"eCUMap": 7,
			"fuelMix": 0,
			"telemetryLaps": 99
		},
		"strategy":
		{
			"fuel": 15,
			"nPitStops": 0,
			"tyreSet": 2,
			"frontBrakePadCompound": 0,
			"rearBrakePadCompound": 0,
			"pitStrategy": [
				{
					"fuelToAdd": 0,
					"tyres":
					{
						"tyreCompound": 0,
						"tyrePressure": [ 56, 57, 50, 51 ]
					},
					"tyreSet": 2,
					"frontBrakePadCompound": 1,
					"rearBrakePadCompound": 1
				}
			],
			"fuelPerLap": 3.8948242664337158
		}
	},
	"advancedSetup":
	{
		"mechanicalBalance":
		{
			"aRBFront": 4,
			"aRBRear": 3,
			"wheelRate": [ 7, 7, 5, 5 ],
			"bumpStopRateUp": [ 9, 9, 2, 2 ],
			"bumpStopRateDn": [ 0, 0, 10, 10 ],
			"bumpStopWindow": [ 1, 1, 50, 50 ],
			"brakeTorque": 20,
			"brakeBias": 53
		},
		"dampers":
		{
			"bumpSlow": [ 12, 12, 5, 5 ],
			"bumpFast": [ 6, 6, 5, 5 ],
			"reboundSlow": [ 12, 12, 6, 6 ],
			"reboundFast": [ 7, 7, 12, 12 ]
		},
		"aeroBalance":
		{
			"rideHeight": [ 2, 11, 15, 18 ],
			"rodLength": [ 50.686325073242188, 50.686325073242188, -52.20452880859375, -52.20452880859375 ],
			"splitter": 2,
			"rearWing": 8,
			"brakeDuct": [ 4, 3 ]
		},
		"drivetrain":
		{
			"preload": 4
		}
	},
	"trackBopType": 29
}