{
	"carName": "porsche_991ii_gt3_r",
	"basicSetup":
	{
		"tyres":
		{
			"tyreCompound": 1,
			"tyrePressure": [ 87, 88, 80, 83 ]
		},
		"alignment":
		{
			"camber": [ 40, 40, 35, 35 ],
			"toe": [ 40, 40, 40, 40 ],
			"staticCamber": [ -3.8056254386901855, -3.8063955307006836, 1.2487162351608276, 1.2503881454467773 ],
			"toeOutLinear": [ -0.00034475346910767257, -0.00034487765515223145, -0.0052372477948665619, -0.0052371346391737461 ],
			"casterLF": 15,
			"casterRF": 15,
			"steerRatio": 5
		},
		"electronics":
		{
			"tC1": 8,
			"tC2": 8,
			"abs": 9,
			"eCUMap": 3,
			"fuelMix": 0,
			"telemetryLaps": 5
		},
		"strategy":
		{
			"fuel": 58,
			"nPitStops": 0,
			"tyreSet": 0,
			"frontBrakePadCompound": 2,
			"rearBrakePadCompound": 2,
			"pitStrategy": [
				{
					"fuelToAdd": 0,
					"tyres":
					{
						"tyreCompound": 0,
						"tyrePressure": [ 72, 72, 72, 72 ]
					},
					"tyreSet": 2,
					"frontBrakePadCompound": 2,
					"rearBrakePadCompound": 2
				}
			],
			"fuelPerLap": 3.2496078014373779
		}
	},
	"advancedSetup":
	{
		"mechanicalBalance":
		{
			"aRBFront": 0,
			"aRBRear": 0,
			"wheelRate": [ 0, 0, 0, 0 ],
			"bumpStopRateUp": [ 7, 7, 2, 2 ],
			"bumpStopRateDn": [ 0, 0, 10, 10 ],
			"bumpStopWindow": [ 1, 1, 50, 50 ],
			"brakeTorque": 20,
			"brakeBias": 25
		},
		"dampers":
		{
			"bumpSlow": [ 2, 2, 3, 3 ],
			"bumpFast": [ 14, 14, 12, 12 ],
			"reboundSlow": [ 5, 5, 4, 4 ],
			"reboundFast": [ 14, 14, 12, 12 ]
		},
		"aeroBalance":
		{
			"rideHeight": [ 7, 11, 18, 18 ],
			"rodLength": [ 66.022880554199219, 66.022880554199219, -42.880039215087891, -42.880039215087891 ],
			"splitter": 5,
			"rearWing": 12,
			"brakeDuct": [ 2, 1 ]
		},
		"drivetrain":
		{
			"preload": 1
		}
	}
}