{
	"carName": "alpine_a110_gt4",
	"basicSetup":
	{
		"tyres":
		{
			"tyreCompound": 0,
			"tyrePressure": [ 54, 62, 50, 57 ]
		},
		"alignment":
		{
			"camber": [ 8, 8, 14, 14 ],
			"toe": [ 30, 30, 60, 60 ],
			"staticCamber": [ -3.593217134475708, -3.5881197452545166, -0.61298060417175293, -0.60740697383880615 ],
			"toeOutLinear": [ -0.00027710761060006917, -0.00027710033464245498, 0.0020432232413440943, 0.0020431969314813614 ],
			"casterLF": 8,
			"casterRF": 8,
			"steerRatio": 4
		},
		"electronics":
		{
			"tC1": 1,
			"tC2": 0,
			"abs": 3,
			"eCUMap": 0,
			"fuelMix": 0,
			"telemetryLaps": 0
		},
		"strategy":
		{
			"fuel": 13,
			"nPitStops": 0,
			"tyreSet": 0,
			"frontBrakePadCompound": 1,
			"rearBrakePadCompound": 1,
			"pitStrategy": [
				{
					"fuelToAdd": 0,
					"tyres":
					{
						"tyreCompound": 0,
						"tyrePressure": [ 46, 56, 44, 53 ]
					},
					"tyreSet": 2,
					"frontBrakePadCompound": 1,
					"rearBrakePadCompound": 1
				}
			],
			"fuelPerLap": 1.9659484624862671
		}
	},
	"advancedSetup":
	{
		"mechanicalBalance":
		{
			"aRBFront": 2,
			"aRBRear": 0,
			"wheelRate": [ 2, 2, 1, 1 ],
			"bumpStopRateUp": [ 3, 3, 2, 2 ],
			"bumpStopRateDn": [ 0, 0, 10, 10 ],
			"bumpStopWindow": [ 0, 0, 0, 0 ],
			"brakeTorque": 20,
			"brakeBias": 70
		},
		"dampers":
		{
			"bumpSlow": [ 12, 12, 13, 13 ],
			"bumpFast": [ 0, 0, 0, 0 ],
			"reboundSlow": [ 12, 12, 10, 10 ],
			"reboundFast": [ 0, 0, 0, 0 ]
		},
		"aeroBalance":
		{
			"rideHeight": [ 0, 6, 15, 18 ],
			"rodLength": [ -6.162353515625, -6.162353515625, -75.441612243652344, -75.441612243652344 ],
			"splitter": 0,
			"rearWing": 3,
			"brakeDuct": [ 2, 2 ]
		},
		"drivetrain":
		{
			"preload": 1
		}
	},
	"trackBopType": 17
}