{
	"carName": "mercedes_amg_gt3_evo",
	"basicSetup":
	{
		"tyres":
		{
			"tyreCompound": 0,
			"tyrePressure": [ 54, 60, 58, 62 ]
		},
		"alignment":
		{
			"camber": [ 20, 20, 6, 6 ],
			"toe": [ 28, 28, 49, 49 ],
			"staticCamber": [ -3.7508878707885742, -3.7471113204956055, -4.0792040824890137, -4.0773992538452148 ],
			"toeOutLinear": [ 3.735760401468724e-05, 3.7718833482358605e-05, 0.00017387811385560781, 0.00017406865663360804 ],
			"casterLF": 36,
			"casterRF": 36,
			"steerRatio": 1
		},
		"electronics":
		{
			"tC1": 2,
			"tC2": 0,
			"abs": 2,
			"eCUMap": 0,
			"fuelMix": 0,
			"telemetryLaps": 99
		},
		"strategy":
		{
			"fuel": 0,
			"nPitStops": 0,
			"tyreSet": 2,
			"frontBrakePadCompound": 0,
			"rearBrakePadCompound": 0,
			"pitStrategy": [
				{
					"fuelToAdd": 0,
					"tyres":
					{
						"tyreCompound": 0,
						"tyrePressure": [ 0, 0, 0, 0 ]
					},
					"tyreSet": 2,
					"frontBrakePadCompound": 0,
					"rearBrakePadCompound": 0
				}
			],
			"fuelPerLap": 3.4500000476837158
		}
	},
	"advancedSetup":
	{
		"mechanicalBalance":
		{
			"aRBFront": 3,
			"aRBRear": 3,
			"wheelRate": [ 2, 2, 3, 3 ],
			"bumpStopRateUp": [ 7, 7, 5, 5 ],
			"bumpStopRateDn": [ 0, 0, 10, 10 ],
			"bumpStopWindow": [ 3, 3, 35, 35 ],
			"brakeTorque": 20,
			"brakeBias": 47
		},
		"dampers":
		{
			"bumpSlow": [ 5, 4, 6, 5 ],
			"bumpFast": [ 1, 3, 5, 6 ],
			"reboundSlow": [ 9, 6, 6, 6 ],
			"reboundFast": [ 1, 4, 4, 4 ]
		},
		"aeroBalance":
		{
			"rideHeight": [ 6, 6, 8, 18 ],
			"rodLength": [ 12.209071159362793, 12.209071159362793, 68.701835632324219, 68.701835632324219 ],
			"splitter": 6,
			"rearWing": 3,
			"brakeDuct": [ 2, 1 ]
		},
		"drivetrain":
		{
			"preload": 11
		}
	},
	"trackBopType": 6
}