{
	"carName": "honda_nsx_gt3_evo",
	"basicSetup":
	{
		"tyres":
		{
			"tyreCompound": 0,
			"tyrePressure": [ 53, 67, 49, 59 ]
		},
		"alignment":
		{
			"camber": [ 0, 0, 0, 0 ],
			"toe": [ 0, 0, 0, 0 ],
			"staticCamber": [ -3.2275269031524658, -3.2175378799438477, -3.3057303428649902, -3.2959189414978027 ],
			"toeOutLinear": [ 0.0014342735521495342, 0.0014342665672302246, -0.00091833854094147682, -0.00091838050866499543 ],
			"casterLF": 10,
			"casterRF": 10,
			"steerRatio": 3
		},
		"electronics":
		{
			"tC1": 8,
			"tC2": 0,
			"abs": 5,
			"eCUMap": 3,
			"fuelMix": 0,
			"telemetryLaps": 7
		},
		"strategy":
		{
			"fuel": 10,
			"nPitStops": 0,
			"tyreSet": 0,
			"frontBrakePadCompound": 0,
			"rearBrakePadCompound": 0,
			"pitStrategy": [
				{
					"fuelToAdd": 0,
					"tyres":
					{
						"tyreCompound": 0,
						"tyrePressure": [ 55, 55, 48, 48 ]
					},
					"tyreSet": 2,
					"frontBrakePadCompound": 1,
					"rearBrakePadCompound": 1
				}
			],
			"fuelPerLap": 2.1152691841125488
		}
	},
	"advancedSetup":
	{
		"mechanicalBalance":
		{
			"aRBFront": 0,
			"aRBRear": 0,
			"wheelRate": [ 0, 0, 0, 0 ],
			"bumpStopRateUp": [ 0, 0, 0, 0 ],
			"bumpStopRateDn": [ 0, 0, 10, 10 ],
			"bumpStopWindow": [ 5, 5, 0, 0 ],
			"brakeTorque": 20,
			"brakeBias": 18
		},
		"dampers":
		{
			"bumpSlow": [ 7, 7, 0, 0 ],
			"bumpFast": [ 4, 4, 10, 10 ],
			"reboundSlow": [ 13, 13, 16, 16 ],
			"reboundFast": [ 0, 0, 15, 15 ]
		},
		"aeroBalance":
		{
			"rideHeight": [ 0, 6, 18, 18 ],
			"rodLength": [ -2.4502072334289551, -2.4502072334289551, 10.282312393188477, 10.282312393188477 ],
			"splitter": 0,
			"rearWing": 11,
			"brakeDuct": [ 3, 3 ]
		},
		"drivetrain":
		{
			"preload": 0
		}
	},
	"trackBopType": 36
}