{
	"carName": "porsche_992_gt3_r",
	"basicSetup":
	{
		"tyres":
		{
			"tyreCompound": 0,
			"tyrePressure": [ 53, 59, 43, 48 ]
		},
		"alignment":
		{
			"camber": [ 0, 0, 5, 5 ],
			"toe": [ 20, 20, 20, 20 ],
			"staticCamber": [ -4.5805797576904297, -4.5772404670715332, 0.74900096654891968, 0.75279372930526733 ],
			"toeOutLinear": [ 0.00041014119051396847, 0.00041013365262188017, -0.0058412249200046062, -0.0058412081561982632 ],
			"casterLF": 18,
			"casterRF": 18,
			"steerRatio": 5
		},
		"electronics":
		{
			"tC1": 3,
			"tC2": 1,
			"abs": 4,
			"eCUMap": 7,
			"fuelMix": 0,
			"telemetryLaps": 99
		},
		"strategy":
		{
			"fuel": 11,
			"nPitStops": 0,
			"tyreSet": 4,
			"frontBrakePadCompound": 0,
			"rearBrakePadCompound": 0,
			"pitStrategy": [
				{
					"fuelToAdd": 0,
					"tyres":
					{
						"tyreCompound": 0,
						"tyrePressure": [ 45, 52, 37, 43 ]
					},
					"tyreSet": 2,
					"frontBrakePadCompound": 1,
					"rearBrakePadCompound": 1
				}
			],
			"fuelPerLap": 2.4751667976379395
		}
	},
	"advancedSetup":
	{
		"mechanicalBalance":
		{
			"aRBFront": 4,
			"aRBRear": 2,
			"wheelRate": [ 1, 1, 2, 2 ],
			"bumpStopRateUp": [ 3, 3, 2, 2 ],
			"bumpStopRateDn": [ 0, 0, 10, 10 ],
			"bumpStopWindow": [ 15, 15, 10, 10 ],
			"brakeTorque": 20,
			"brakeBias": 23
		},
		"dampers":
		{
			"bumpSlow": [ 10, 10, 9, 9 ],
			"bumpFast": [ 4, 4, 3, 3 ],
			"reboundSlow": [ 7, 6, 8, 8 ],
			"reboundFast": [ 4, 4, 9, 9 ]
		},
		"aeroBalance":
		{
			"rideHeight": [ 0, 11, 14, 18 ],
			"rodLength": [ 35.829570770263672, 35.829570770263672, -62.096977233886719, -62.096977233886719 ],
			"splitter": 0,
			"rearWing": 12,
			"brakeDuct": [ 3, 4 ]
		},
		"drivetrain":
		{
			"preload": 10
		}
	},
	"trackBopType": 28
}