{
	"carName": "porsche_992_gt3_cup",
	"basicSetup":
	{
		"tyres":
		{
			"tyreCompound": 0,
			"tyrePressure": [ 18, 34, 9, 23 ]
		},
		"alignment":
		{
			"camber": [ 0, 0, 0, 0 ],
			"toe": [ 20, 20, 20, 20 ],
			"staticCamber": [ -5.4433813095092773, -5.4337368011474609, -4.053032398223877, -4.0371146202087402 ],
			"toeOutLinear": [ 0.00066560687264427543, 0.00066561519633978605, 0.00045444755232892931, 0.00045456326915882528 ],
			"casterLF": 0,
			"casterRF": 0,
			"steerRatio": 3
		},
		"electronics":
		{
			"tC1": 0,
			"tC2": 0,
			"abs": 4,
			"eCUMap": 0,
			"fuelMix": 0,
			"telemetryLaps": 99
		},
		"strategy":
		{
			"fuel": 8,
			"nPitStops": 0,
			"tyreSet": 4,
			"frontBrakePadCompound": 0,
			"rearBrakePadCompound": 0,
			"pitStrategy": [
				{
					"fuelToAdd": 0,
					"tyres":
					{
						"tyreCompound": 0,
						"tyrePressure": [ 50, 50, 50, 50 ]
					},
					"tyreSet": 2,
					"frontBrakePadCompound": 1,
					"rearBrakePadCompound": 1
				}
			],
			"fuelPerLap": 1.8753954172134399
		}
	},
	"advancedSetup":
	{
		"mechanicalBalance":
		{
			"aRBFront": 7,
			"aRBRear": 2,
			"wheelRate": [ 0, 0, 0, 0 ],
			"bumpStopRateUp": [ 0, 0, 0, 0 ],
			"bumpStopRateDn": [ 0, 0, 10, 10 ],
			"bumpStopWindow": [ 0, 0, 0, 0 ],
			"brakeTorque": 20,
			"brakeBias": 20
		},
		"dampers":
		{
			"bumpSlow": [ 0, 0, 0, 0 ],
			"bumpFast": [ 0, 0, 0, 0 ],
			"reboundSlow": [ 0, 0, 0, 0 ],
			"reboundFast": [ 0, 0, 0, 0 ]
		},
		"aeroBalance":
		{
			"rideHeight": [ 0, 11, 4, 18 ],
			"rodLength": [ 21.375453948974609, 21.375453948974609, 3.2353148460388184, 3.2353148460388184 ],
			"splitter": 0,
			"rearWing": 10,
			"brakeDuct": [ 4, 5 ]
		},
		"drivetrain":
		{
			"preload": 0
		}
	},
	"trackBopType": 35
}