{
	"carName": "porsche_991ii_gt3_cup",
	"basicSetup":
	{
		"tyres":
		{
			"tyreCompound": 0,
			"tyrePressure": [ 71, 72, 57, 58 ]
		},
		"alignment":
		{
			"camber": [ 20, 20, 14, 14 ],
			"toe": [ 35, 35, 45, 45 ],
			"staticCamber": [ -2.2224524021148682, -2.2220420837402344, -2.7747747898101807, -2.7703092098236084 ],
			"toeOutLinear": [ 0.00055457331473007798, 0.00055179418995976448, -0.00084717676509171724, -0.0008475089562125504 ],
			"casterLF": 11,
			"casterRF": 11,
			"steerRatio": 3
		},
		"electronics":
		{
			"tC1": 0,
			"tC2": 0,
			"abs": 3,
			"eCUMap": 0,
			"fuelMix": 0,
			"telemetryLaps": 26
		},
		"strategy":
		{
			"fuel": 13,
			"nPitStops": 0,
			"tyreSet": 0,
			"frontBrakePadCompound": 0,
			"rearBrakePadCompound": 0,
			"pitStrategy": [
				{
					"fuelToAdd": 0,
					"tyres":
					{
						"tyreCompound": 0,
						"tyrePressure": [ 71, 72, 57, 58 ]
					},
					"tyreSet": 0,
					"frontBrakePadCompound": 0,
					"rearBrakePadCompound": 0
				}
			],
			"fuelPerLap": 2.4507830142974854
		}
	},
	"advancedSetup":
	{
		"mechanicalBalance":
		{
			"aRBFront": 5,
			"aRBRear": 3,
			"wheelRate": [ 1, 1, 3, 3 ],
			"bumpStopRateUp": [ 0, 0, 0, 0 ],
			"bumpStopRateDn": [ 0, 0, 10, 10 ],
			"bumpStopWindow": [ 120, 120, 200, 200 ],
			"brakeTorque": 20,
			"brakeBias": 25
		},
		"dampers":
		{
			"bumpSlow": [ 1, 1, 8, 8 ],
			"bumpFast": [ 4, 4, 9, 9 ],
			"reboundSlow": [ 8, 8, 7, 7 ],
			"reboundFast": [ 8, 8, 8, 8 ]
		},
		"aeroBalance":
		{
			"rideHeight": [ 1, 11, 6, 18 ],
			"rodLength": [ -36.425823211669922, -36.425823211669922, -73.956008911132813, -73.956008911132813 ],
			"splitter": 0,
			"rearWing": 1,
			"brakeDuct": [ 2, 3 ]
		},
		"drivetrain":
		{
			"preload": 0
		}
	},
	"trackBopType": 29
}