{
	"carName": "mclaren_720s_gt3",
	"basicSetup":
	{
		"tyres":
		{
			"tyreCompound": 0,
			"tyrePressure": [ 69, 64, 64, 60 ]
		},
		"alignment":
		{
			"camber": [ 6, 6, 9, 9 ],
			"toe": [ 38, 38, 25, 25 ],
			"staticCamber": [ -3.9963667392730713, -3.9985725879669189, -3.6729996204376221, -3.6764438152313232 ],
			"toeOutLinear": [ 0.0017417672788724303, 0.0017416327027603984, 0.0005561920115724206, 0.00055624759988859296 ],
			"casterLF": 11,
			"casterRF": 11,
			"steerRatio": 1
		},
		"electronics":
		{
			"tC1": 2,
			"tC2": 6,
			"abs": 3,
			"eCUMap": 0,
			"fuelMix": 0,
			"telemetryLaps": 0
		},
		"strategy":
		{
			"fuel": 123,
			"nPitStops": 0,
			"tyreSet": 8,
			"frontBrakePadCompound": 0,
			"rearBrakePadCompound": 0,
			"pitStrategy": [
				{
					"fuelToAdd": 0,
					"tyres":
					{
						"tyreCompound": 0,
						"tyrePressure": [ 59, 53, 56, 50 ]
					},
					"tyreSet": 2,
					"frontBrakePadCompound": 1,
					"rearBrakePadCompound": 1
				}
			],
			"fuelPerLap": 2.8430278301239014
		}
	},
	"advancedSetup":
	{
		"mechanicalBalance":
		{
			"aRBFront": 6,
			"aRBRear": 2,
			"wheelRate": [ 2, 2, 3, 3 ],
			"bumpStopRateUp": [ 5, 5, 2, 2 ],
			"bumpStopRateDn": [ 0, 0, 10, 10 ],
			"bumpStopWindow": [ 5, 5, 50, 50 ],
			"brakeTorque": 20,
			"brakeBias": 52
		},
		"dampers":
		{
			"bumpSlow": [ 16, 16, 17, 17 ],
			"bumpFast": [ 12, 12, 14, 14 ],
			"reboundSlow": [ 20, 20, 22, 22 ],
			"reboundFast": [ 24, 24, 24, 24 ]
		},
		"aeroBalance":
		{
			"rideHeight": [ 10, 6, 15, 18 ],
			"rodLength": [ 69.191246032714844, 69.191246032714844, 47.268531799316406, 47.268531799316406 ],
			"splitter": 0,
			"rearWing": 6,
			"brakeDuct": [ 3, 2 ]
		},
		"drivetrain":
		{
			"preload": 1
		}
	},
	"trackBopType": 27
}