{
	"carName": "ferrari_488_gt3",
	"basicSetup":
	{
		"tyres":
		{
			"tyreCompound": 0,
			"tyrePressure": [ 54, 73, 50, 64 ]
		},
		"alignment":
		{
			"camber": [ 16, 16, 16, 16 ],
			"toe": [ 38, 38, 46, 46 ],
			"staticCamber": [ -2.3724081516265869, -2.3632185459136963, -2.329981803894043, -2.3187241554260254 ],
			"toeOutLinear": [ -0.0021257989574223757, -0.002126338193193078, -0.00015643653750885278, -0.00015610421542078257 ],
			"casterLF": 48,
			"casterRF": 48,
			"steerRatio": 5
		},
		"electronics":
		{
			"tC1": 5,
			"tC2": 3,
			"abs": 4,
			"eCUMap": 0,
			"fuelMix": 0,
			"telemetryLaps": 4
		},
		"strategy":
		{
			"fuel": 0,
			"nPitStops": 0,
			"tyreSet": 0,
			"frontBrakePadCompound": 1,
			"rearBrakePadCompound": 1,
			"pitStrategy": [
				{
					"fuelToAdd": 0,
					"tyres":
					{
						"tyreCompound": 0,
						"tyrePressure": [ 54, 54, 48, 48 ]
					},
					"tyreSet": 2,
					"frontBrakePadCompound": 1,
					"rearBrakePadCompound": 1
				}
			],
			"fuelPerLap": 2.5499999523162842
		}
	},
	"advancedSetup":
	{
		"mechanicalBalance":
		{
			"aRBFront": 22,
			"aRBRear": 1,
			"wheelRate": [ 6, 6, 1, 1 ],
			"bumpStopRateUp": [ 7, 7, 1, 1 ],
			"bumpStopRateDn": [ 0, 0, 10, 10 ],
			"bumpStopWindow": [ 2, 2, 25, 25 ],
			"brakeTorque": 20,
			"brakeBias": 32
		},
		"dampers":
		{
			"bumpSlow": [ 7, 7, 2, 2 ],
			"bumpFast": [ 3, 3, 8, 8 ],
			"reboundSlow": [ 3, 3, 3, 3 ],
			"reboundFast": [ 5, 5, 7, 7 ]
		},
		"aeroBalance":
		{
			"rideHeight": [ 10, 6, 7, 18 ],
			"rodLength": [ -24.384450912475586, -24.384450912475586, -17.714179992675781, -17.714179992675781 ],
			"splitter": 0,
			"rearWing": 10,
			"brakeDuct": [ 4, 3 ]
		},
		"drivetrain":
		{
			"preload": 23
		}
	}
}