{
	"carName": "ferrari_296_gt3",
	"basicSetup":
	{
		"tyres":
		{
			"tyreCompound": 0,
			"tyrePressure": [ 57, 59, 51, 53 ]
		},
		"alignment":
		{
			"camber": [ 0, 0, 0, 0 ],
			"toe": [ 20, 20, 28, 28 ],
			"staticCamber": [ -4.6489934921264648, -4.6478853225708008, -5.0735039710998535, -5.0721316337585449 ],
			"toeOutLinear": [ -5.5501044698758051e-05, -5.5502387112937868e-05, -0.0005218212609179318, -0.00052181904902681708 ],
			"casterLF": 26,
			"casterRF": 26,
			"steerRatio": 3
		},
		"electronics":
		{
			"tC1": 6,
			"tC2": 0,
			"abs": 4,
			"eCUMap": 2,
			"fuelMix": 0,
			"telemetryLaps": 99
		},
		"strategy":
		{
			"fuel": 18,
			"nPitStops": 0,
			"tyreSet": 0,
			"frontBrakePadCompound": 0,
			"rearBrakePadCompound": 0,
			"pitStrategy": [
				{
					"fuelToAdd": 0,
					"tyres":
					{
						"tyreCompound": 0,
						"tyrePressure": [ 41, 58, 45, 56 ]
					},
					"tyreSet": 2,
					"frontBrakePadCompound": 1,
					"rearBrakePadCompound": 1
				}
			],
			"fuelPerLap": 2.7999999523162842
		}
	},
	"advancedSetup":
	{
		"mechanicalBalance":
		{
			"aRBFront": 2,
			"aRBRear": 2,
			"wheelRate": [ 1, 1, 7, 7 ],
			"bumpStopRateUp": [ 4, 4, 6, 6 ],
			"bumpStopRateDn": [ 0, 0, 10, 10 ],
			"bumpStopWindow": [ 12, 12, 15, 15 ],
			"brakeTorque": 20,
			"brakeBias": 24
		},
		"dampers":
		{
			"bumpSlow": [ 5, 5, 5, 5 ],
			"bumpFast": [ 4, 4, 3, 3 ],
			"reboundSlow": [ 9, 9, 5, 5 ],
			"reboundFast": [ 5, 5, 4, 4 ]
		},
		"aeroBalance":
		{
			"rideHeight": [ 0, 6, 13, 18 ],
			"rodLength": [ 35.977489471435547, 35.977489471435547, 42.539409637451172, 42.539409637451172 ],
			"splitter": 0,
			"rearWing": 12,
			"brakeDuct": [ 3, 3 ]
		},
		"drivetrain":
		{
			"preload": 6
		}
	},
	"trackBopType": 34
}