{
	"carName": "amr_v8_vantage_gt3",
	"basicSetup":
	{
		"tyres":
		{
			"tyreCompound": 0,
			"tyrePressure": [ 64, 64, 60, 61 ]
		},
		"alignment":
		{
			"camber": [ 4, 4, 1, 1 ],
			"toe": [ 28, 28, 47, 47 ],
			"staticCamber": [ -5.0988554954528809, -5.0988197326660156, -4.9410219192504883, -4.9402804374694824 ],
			"toeOutLinear": [ 0.00020513017079792917, 0.00020511896582320333, 0.00021789608581457287, 0.00021788739832118154 ],
			"casterLF": 3,
			"casterRF": 3,
			"steerRatio": 1
		},
		"electronics":
		{
			"tC1": 1,
			"tC2": 8,
			"abs": 4,
			"eCUMap": 0,
			"fuelMix": 0,
			"telemetryLaps": 15
		},
		"strategy":
		{
			"fuel": 0,
			"nPitStops": 0,
			"tyreSet": 24,
			"frontBrakePadCompound": 0,
			"rearBrakePadCompound": 0,
			"pitStrategy": [
				{
					"fuelToAdd": 0,
					"tyres":
					{
						"tyreCompound": 0,
						"tyrePressure": [ 50, 53, 50, 50 ]
					},
					"tyreSet": 2,
					"frontBrakePadCompound": 1,
					"rearBrakePadCompound": 1
				}
			],
			"fuelPerLap": 0.70602571964263916
		}
	},
	"advancedSetup":
	{
		"mechanicalBalance":
		{
			"aRBFront": 3,
			"aRBRear": 2,
			"wheelRate": [ 7, 7, 9, 9 ],
			"bumpStopRateUp": [ 7, 7, 7, 7 ],
			"bumpStopRateDn": [ 0, 0, 10, 10 ],
			"bumpStopWindow": [ 0, 0, 15, 15 ],
			"brakeTorque": 20,
			"brakeBias": 25
		},
		"dampers":
		{
			"bumpSlow": [ 33, 33, 29, 29 ],
			"bumpFast": [ 29, 29, 33, 33 ],
			"reboundSlow": [ 31, 31, 19, 19 ],
			"reboundFast": [ 24, 24, 16, 16 ]
		},
		"aeroBalance":
		{
			"rideHeight": [ 5, 6, 20, 18 ],
			"rodLength": [ 57.876296997070313, 57.876296997070313, 59.639278411865234, 59.639278411865234 ],
			"splitter": 0,
			"rearWing": 0,
			"brakeDuct": [ 2, 1 ]
		},
		"drivetrain":
		{
			"preload": 2
		}
	},
	"trackBopType": 29
}
