{
	"carName": "amr_v8_vantage_gt3",
	"basicSetup":
	{
		"tyres":
		{
			"tyreCompound": 0,
			"tyrePressure": [ 67, 67, 67, 67 ]
		},
		"alignment":
		{
			"camber": [ 4, 4, 6, 6 ],
			"toe": [ 28, 28, 47, 47 ],
			"staticCamber": [ -5.1331892013549805, -5.1343483924865723, -4.9473810195922852, -4.9474043846130371 ],
			"toeOutLinear": [ 0.00023198207782115787, 0.00023204958415590227, 0.00021822813141625375, 0.00021820463007315993 ],
			"casterLF": 3,
			"casterRF": 3,
			"steerRatio": 1
		},
		"electronics":
		{
			"tC1": 2,
			"tC2": 1,
			"abs": 4,
			"eCUMap": 0,
			"fuelMix": 0,
			"telemetryLaps": 15
		},
		"strategy":
		{
			"fuel": 0,
			"nPitStops": 0,
			"tyreSet": 0,
			"frontBrakePadCompound": 3,
			"rearBrakePadCompound": 3,
			"pitStrategy": [
				{
					"fuelToAdd": 0,
					"tyres":
					{
						"tyreCompound": 0,
						"tyrePressure": [ 50, 53, 50, 50 ]
					},
					"tyreSet": 2,
					"frontBrakePadCompound": 1,
					"rearBrakePadCompound": 1
				}
			],
			"fuelPerLap": 3.9000000953674316
		}
	},
	"advancedSetup":
	{
		"mechanicalBalance":
		{
			"aRBFront": 3,
			"aRBRear": 2,
			"wheelRate": [ 7, 7, 7, 7 ],
			"bumpStopRateUp": [ 5, 7, 7, 7 ],
			"bumpStopRateDn": [ 0, 0, 10, 10 ],
			"bumpStopWindow": [ 2, 2, 15, 15 ],
			"brakeTorque": 20,
			"brakeBias": 35
		},
		"dampers":
		{
			"bumpSlow": [ 30, 30, 28, 28 ],
			"bumpFast": [ 36, 36, 33, 33 ],
			"reboundSlow": [ 24, 24, 18, 18 ],
			"reboundFast": [ 30, 30, 18, 18 ]
		},
		"aeroBalance":
		{
			"rideHeight": [ 5, 6, 20, 18 ],
			"rodLength": [ 59.061725616455078, 59.061725616455078, 62.148284912109375, 62.148284912109375 ],
			"splitter": 0,
			"rearWing": 0,
			"brakeDuct": [ 2, 1 ]
		},
		"drivetrain":
		{
			"preload": 2
		}
	}
}