{
	"carName": "amr_v12_vantage_gt3",
	"basicSetup":
	{
		"tyres":
		{
			"tyreCompound": 0,
			"tyrePressure": [ 57, 62, 60, 65 ]
		},
		"alignment":
		{
			"camber": [ 0, 0, 7, 7 ],
			"toe": [ 30, 30, 55, 55 ],
			"staticCamber": [ -3.8354601860046387, -3.8324956893920898, -2.5837912559509277, -2.5797920227050781 ],
			"toeOutLinear": [ 0.0004022817884106189, 0.00040226927376352251, 0.00024018983822315931, 0.00024023652076721191 ],
			"casterLF": 3,
			"casterRF": 3,
			"steerRatio": 1
		},
		"electronics":
		{
			"tC1": 1,
			"tC2": 0,
			"abs": 2,
			"eCUMap": 0,
			"fuelMix": 0,
			"telemetryLaps": 5
		},
		"strategy":
		{
			"fuel": 10,
			"nPitStops": 0,
			"tyreSet": 2,
			"frontBrakePadCompound": 0,
			"rearBrakePadCompound": 0,
			"pitStrategy": [
				{
					"fuelToAdd": 0,
					"tyres":
					{
						"tyreCompound": 0,
						"tyrePressure": [ 47, 55, 51, 58 ]
					},
					"tyreSet": 2,
					"frontBrakePadCompound": 1,
					"rearBrakePadCompound": 1
				}
			],
			"fuelPerLap": 2.2637054920196533
		}
	},
	"advancedSetup":
	{
		"mechanicalBalance":
		{
			"aRBFront": 3,
			"aRBRear": 2,
			"wheelRate": [ 11, 11, 11, 11 ],
			"bumpStopRateUp": [ 5, 5, 4, 4 ],
			"bumpStopRateDn": [ 0, 0, 10, 10 ],
			"bumpStopWindow": [ 4, 4, 55, 55 ],
			"brakeTorque": 20,
			"brakeBias": 25
		},
		"dampers":
		{
			"bumpSlow": [ 18, 18, 12, 12 ],
			"bumpFast": [ 20, 20, 12, 12 ],
			"reboundSlow": [ 30, 30, 22, 22 ],
			"reboundFast": [ 25, 25, 20, 20 ]
		},
		"aeroBalance":
		{
			"rideHeight": [ 0, 6, 5, 18 ],
			"rodLength": [ 3.536484956741333, 3.536484956741333, -31.277639389038086, -31.277639389038086 ],
			"splitter": 0,
			"rearWing": 10,
			"brakeDuct": [ 4, 2 ]
		},
		"drivetrain":
		{
			"preload": 2
		}
	},
	"trackBopType": 20
}