{
	"carName": "honda_nsx_gt3_evo",
	"basicSetup":
	{
		"tyres":
		{
			"tyreCompound": 0,
			"tyrePressure": [ 64, 64, 58, 56 ]
		},
		"alignment":
		{
			"camber": [ 8, 8, 16, 16 ],
			"toe": [ 25, 25, 45, 45 ],
			"staticCamber": [ -2.4047636985778809, -2.4043881893157959, -2.6316983699798584, -2.6332435607910156 ],
			"toeOutLinear": [ 0.00082232896238565445, 0.00082214135909453034, -0.00012345930736046284, -0.00012353374040685594 ],
			"casterLF": 22,
			"casterRF": 22,
			"steerRatio": 3
		},
		"electronics":
		{
			"tC1": 6,
			"tC2": 2,
			"abs": 3,
			"eCUMap": 0,
			"fuelMix": 0,
			"telemetryLaps": 0
		},
		"strategy":
		{
			"fuel": 83,
			"nPitStops": 0,
			"tyreSet": 9,
			"frontBrakePadCompound": 0,
			"rearBrakePadCompound": 0,
			"pitStrategy": [
				{
					"fuelToAdd": 1,
					"tyres":
					{
						"tyreCompound": 0,
						"tyrePressure": [ 62, 62, 53, 54 ]
					},
					"tyreSet": 4,
					"frontBrakePadCompound": 0,
					"rearBrakePadCompound": 0
				},
				{
					"fuelToAdd": 1,
					"tyres":
					{
						"tyreCompound": 0,
						"tyrePressure": [ 59, 56, 54, 55 ]
					},
					"tyreSet": 2,
					"frontBrakePadCompound": 0,
					"rearBrakePadCompound": 0
				}
			],
			"fuelPerLap": 2.5363082885742188
		}
	},
	"advancedSetup":
	{
		"mechanicalBalance":
		{
			"aRBFront": 6,
			"aRBRear": 2,
			"wheelRate": [ 0, 0, 2, 2 ],
			"bumpStopRateUp": [ 6, 6, 10, 10 ],
			"bumpStopRateDn": [ 0, 0, 10, 10 ],
			"bumpStopWindow": [ 11, 11, 24, 24 ],
			"brakeTorque": 20,
			"brakeBias": 19
		},
		"dampers":
		{
			"bumpSlow": [ 30, 30, 34, 34 ],
			"bumpFast": [ 18, 18, 18, 18 ],
			"reboundSlow": [ 32, 32, 36, 36 ],
			"reboundFast": [ 20, 20, 22, 22 ]
		},
		"aeroBalance":
		{
			"rideHeight": [ 1, 6, 14, 18 ],
			"rodLength": [ -18.615179061889648, -18.615179061889648, 10.83914852142334, 10.83914852142334 ],
			"splitter": 0,
			"rearWing": 17,
			"brakeDuct": [ 2, 3 ]
		},
		"drivetrain":
		{
			"preload": 7
		}
	},
	"trackBopType": 19
}