{
	"carName": "honda_nsx_gt3_evo",
	"basicSetup":
	{
		"tyres":
		{
			"tyreCompound": 0,
			"tyrePressure": [ 60, 62, 55, 58 ]
		},
		"alignment":
		{
			"camber": [ 8, 8, 16, 16 ],
			"toe": [ 25, 25, 45, 45 ],
			"staticCamber": [ -2.398815393447876, -2.3992636203765869, -2.6094226837158203, -2.6072142124176025 ],
			"toeOutLinear": [ 0.0008241513860411942, 0.00082484568702057004, -0.00013173604384064674, -0.00013164678239263594 ],
			"casterLF": 22,
			"casterRF": 22,
			"steerRatio": 3
		},
		"electronics":
		{
			"tC1": 1,
			"tC2": 8,
			"abs": 3,
			"eCUMap": 3,
			"fuelMix": 0,
			"telemetryLaps": 99
		},
		"strategy":
		{
			"fuel": 13,
			"nPitStops": 0,
			"tyreSet": 0,
			"frontBrakePadCompound": 0,
			"rearBrakePadCompound": 0,
			"pitStrategy": [
				{
					"fuelToAdd": 0,
					"tyres":
					{
						"tyreCompound": 0,
						"tyrePressure": [ 62, 62, 53, 54 ]
					},
					"tyreSet": 4,
					"frontBrakePadCompound": 0,
					"rearBrakePadCompound": 0
				},
				{
					"fuelToAdd": 1,
					"tyres":
					{
						"tyreCompound": 0,
						"tyrePressure": [ 59, 56, 54, 55 ]
					},
					"tyreSet": 2,
					"frontBrakePadCompound": 0,
					"rearBrakePadCompound": 0
				}
			],
			"fuelPerLap": 2.6253306865692139
		}
	},
	"advancedSetup":
	{
		"mechanicalBalance":
		{
			"aRBFront": 6,
			"aRBRear": 2,
			"wheelRate": [ 0, 0, 2, 2 ],
			"bumpStopRateUp": [ 6, 6, 10, 10 ],
			"bumpStopRateDn": [ 0, 0, 10, 10 ],
			"bumpStopWindow": [ 11, 11, 24, 24 ],
			"brakeTorque": 20,
			"brakeBias": 19
		},
		"dampers":
		{
			"bumpSlow": [ 30, 30, 34, 34 ],
			"bumpFast": [ 18, 18, 18, 18 ],
			"reboundSlow": [ 32, 32, 36, 36 ],
			"reboundFast": [ 20, 20, 22, 22 ]
		},
		"aeroBalance":
		{
			"rideHeight": [ 1, 6, 14, 18 ],
			"rodLength": [ -19.260799407958984, -19.260799407958984, 8.9647283554077148, 8.9647283554077148 ],
			"splitter": 0,
			"rearWing": 17,
			"brakeDuct": [ 2, 3 ]
		},
		"drivetrain":
		{
			"preload": 7
		}
	},
	"trackBopType": 19
}