{
	"carName": "porsche_991ii_gt3_r",
	"basicSetup":
	{
		"tyres":
		{
			"tyreCompound": 0,
			"tyrePressure": [ 67, 60, 61, 57 ]
		},
		"alignment":
		{
			"camber": [ 28, 28, 13, 13 ],
			"toe": [ 40, 40, 40, 40 ],
			"staticCamber": [ -4.8276228904724121, -4.8305759429931641, -0.91733938455581665, -0.92078614234924316 ],
			"toeOutLinear": [ -0.00031155181932263076, -0.00031152792507782578, -0.0052493293769657612, -0.0052493712864816189 ],
			"casterLF": 11,
			"casterRF": 11,
			"steerRatio": 5
		},
		"electronics":
		{
			"tC1": 2,
			"tC2": 1,
			"abs": 3,
			"eCUMap": 7,
			"fuelMix": 0,
			"telemetryLaps": 5
		},
		"strategy":
		{
			"fuel": 58,
			"nPitStops": 0,
			"tyreSet": 1,
			"frontBrakePadCompound": 0,
			"rearBrakePadCompound": 0,
			"pitStrategy": [
				{
					"fuelToAdd": 0,
					"tyres":
					{
						"tyreCompound": 0,
						"tyrePressure": [ 50, 62, 46, 55 ]
					},
					"tyreSet": 2,
					"frontBrakePadCompound": 1,
					"rearBrakePadCompound": 1
				}
			],
			"fuelPerLap": 3.7031238079071045
		}
	},
	"advancedSetup":
	{
		"mechanicalBalance":
		{
			"aRBFront": 1,
			"aRBRear": 1,
			"wheelRate": [ 9, 9, 5, 5 ],
			"bumpStopRateUp": [ 4, 4, 4, 4 ],
			"bumpStopRateDn": [ 0, 0, 10, 10 ],
			"bumpStopWindow": [ 7, 7, 34, 34 ],
			"brakeTorque": 17,
			"brakeBias": 69
		},
		"dampers":
		{
			"bumpSlow": [ 7, 7, 9, 9 ],
			"bumpFast": [ 16, 16, 7, 7 ],
			"reboundSlow": [ 9, 9, 9, 9 ],
			"reboundFast": [ 14, 14, 11, 11 ]
		},
		"aeroBalance":
		{
			"rideHeight": [ 3, 11, 19, 18 ],
			"rodLength": [ 50.218841552734375, 50.218841552734375, -48.472652435302734, -48.472652435302734 ],
			"splitter": 5,
			"rearWing": 8,
			"brakeDuct": [ 3, 2 ]
		},
		"drivetrain":
		{
			"preload": 12
		}
	},
	"trackBopType": 12
}