{
	"carName": "bmw_m2_cs_racing",
	"basicSetup":
	{
		"tyres":
		{
			"tyreCompound": 0,
			"tyrePressure": [ 45, 37, 55, 49 ]
		},
		"alignment":
		{
			"camber": [ 0, 0, 0, 0 ],
			"toe": [ 0, 0, 0, 0 ],
			"staticCamber": [ -4.8056402206420898, -4.8075375556945801, -3.2079527378082275, -3.2127370834350586 ],
			"toeOutLinear": [ 0.00026997900567948818, 0.00027694844175130129, 2.4161879991879687e-05, 2.4180033506127074e-05 ],
			"casterLF": 0,
			"casterRF": 0,
			"steerRatio": 5
		},
		"electronics":
		{
			"tC1": 1,
			"tC2": 0,
			"abs": 1,
			"eCUMap": 0,
			"fuelMix": 0,
			"telemetryLaps": 99
		},
		"strategy":
		{
			"fuel": 8,
			"nPitStops": 0,
			"tyreSet": 3,
			"frontBrakePadCompound": 0,
			"rearBrakePadCompound": 0,
			"pitStrategy": [
				{
					"fuelToAdd": 0,
					"tyres":
					{
						"tyreCompound": 0,
						"tyrePressure": [ 35, 27, 42, 36 ]
					},
					"tyreSet": 2,
					"frontBrakePadCompound": 1,
					"rearBrakePadCompound": 1
				}
			],
			"fuelPerLap": 1.4717643260955811
		}
	},
	"advancedSetup":
	{
		"mechanicalBalance":
		{
			"aRBFront": 1,
			"aRBRear": 0,
			"wheelRate": [ 0, 0, 2, 2 ],
			"bumpStopRateUp": [ 2, 2, 0, 0 ],
			"bumpStopRateDn": [ 0, 0, 10, 10 ],
			"bumpStopWindow": [ 20, 20, 15, 15 ],
			"brakeTorque": 20,
			"brakeBias": 0
		},
		"dampers":
		{
			"bumpSlow": [ 7, 7, 14, 14 ],
			"bumpFast": [ 0, 0, 0, 0 ],
			"reboundSlow": [ 11, 11, 14, 14 ],
			"reboundFast": [ 0, 0, 0, 0 ]
		},
		"aeroBalance":
		{
			"rideHeight": [ 0, 0, 15, 0 ],
			"rodLength": [ -3.0751585960388184, -3.0751585960388184, 4.301487922668457, 4.301487922668457 ],
			"splitter": 0,
			"rearWing": 4,
			"brakeDuct": [ 5, 3 ]
		},
		"drivetrain":
		{
			"preload": 0
		}
	},
	"trackBopType": 43
}