{
	"carName": "alpine_a110_gt4",
	"basicSetup":
	{
		"tyres":
		{
			"tyreCompound": 0,
			"tyrePressure": [ 55, 49, 50, 44 ]
		},
		"alignment":
		{
			"camber": [ 0, 0, 6, 6 ],
			"toe": [ 0, 0, 7, 7 ],
			"staticCamber": [ -4.4858150482177734, -4.4898443222045898, -1.3625986576080322, -1.3675792217254639 ],
			"toeOutLinear": [ 0.00047767034266144037, 0.00047769225784577429, 0.00088994880206882954, 0.00088997295824810863 ],
			"casterLF": 34,
			"casterRF": 34,
			"steerRatio": 0
		},
		"electronics":
		{
			"tC1": 1,
			"tC2": 0,
			"abs": 2,
			"eCUMap": 0,
			"fuelMix": 0,
			"telemetryLaps": 0
		},
		"strategy":
		{
			"fuel": 22,
			"nPitStops": 0,
			"tyreSet": 3,
			"frontBrakePadCompound": 0,
			"rearBrakePadCompound": 0,
			"pitStrategy": [
				{
					"fuelToAdd": 0,
					"tyres":
					{
						"tyreCompound": 0,
						"tyrePressure": [ 47, 47, 47, 47 ]
					},
					"tyreSet": 2,
					"frontBrakePadCompound": 0,
					"rearBrakePadCompound": 0
				}
			],
			"fuelPerLap": 2.8158621788024902
		}
	},
	"advancedSetup":
	{
		"mechanicalBalance":
		{
			"aRBFront": 2,
			"aRBRear": 1,
			"wheelRate": [ 1, 1, 0, 0 ],
			"bumpStopRateUp": [ 0, 0, 0, 0 ],
			"bumpStopRateDn": [ 0, 0, 10, 10 ],
			"bumpStopWindow": [ 0, 0, 0, 0 ],
			"brakeTorque": 20,
			"brakeBias": 35
		},
		"dampers":
		{
			"bumpSlow": [ 0, 0, 0, 0 ],
			"bumpFast": [ 0, 0, 0, 0 ],
			"reboundSlow": [ 8, 8, 10, 10 ],
			"reboundFast": [ 0, 0, 0, 0 ]
		},
		"aeroBalance":
		{
			"rideHeight": [ 0, 6, 11, 18 ],
			"rodLength": [ -1.5725674629211426, -1.5725674629211426, -74.6240234375, -74.6240234375 ],
			"splitter": 0,
			"rearWing": 2,
			"brakeDuct": [ 2, 3 ]
		},
		"drivetrain":
		{
			"preload": 7
		}
	},
	"trackBopType": 12
}