{
	"carName": "mclaren_720s_gt3",
	"basicSetup":
	{
		"tyres":
		{
			"tyreCompound": 0,
			"tyrePressure": [ 60, 61, 58, 59 ]
		},
		"alignment":
		{
			"camber": [ 5, 5, 13, 13 ],
			"toe": [ 33, 33, 20, 20 ],
			"staticCamber": [ -5.1098241806030273, -5.1094202995300293, -4.4672503471374512, -4.4664020538330078 ],
			"toeOutLinear": [ 0.0016239214455708861, 0.0016241556731984019, 0.00038235817919485271, 0.00038234281237237155 ],
			"casterLF": 11,
			"casterRF": 11,
			"steerRatio": 0
		},
		"electronics":
		{
			"tC1": 1,
			"tC2": 6,
			"abs": 3,
			"eCUMap": 0,
			"fuelMix": 0,
			"telemetryLaps": 99
		},
		"strategy":
		{
			"fuel": 14,
			"nPitStops": 0,
			"tyreSet": 5,
			"frontBrakePadCompound": 0,
			"rearBrakePadCompound": 0,
			"pitStrategy": [
				{
					"fuelToAdd": 0,
					"tyres":
					{
						"tyreCompound": 0,
						"tyrePressure": [ 55, 52, 52, 50 ]
					},
					"tyreSet": 2,
					"frontBrakePadCompound": 1,
					"rearBrakePadCompound": 1
				}
			],
			"fuelPerLap": 3.1925539970397949
		}
	},
	"advancedSetup":
	{
		"mechanicalBalance":
		{
			"aRBFront": 9,
			"aRBRear": 8,
			"wheelRate": [ 7, 7, 6, 6 ],
			"bumpStopRateUp": [ 5, 5, 2, 2 ],
			"bumpStopRateDn": [ 0, 0, 10, 10 ],
			"bumpStopWindow": [ 10, 10, 20, 20 ],
			"brakeTorque": 20,
			"brakeBias": 25
		},
		"dampers":
		{
			"bumpSlow": [ 25, 25, 22, 22 ],
			"bumpFast": [ 20, 20, 25, 25 ],
			"reboundSlow": [ 15, 12, 25, 25 ],
			"reboundFast": [ 28, 28, 20, 20 ]
		},
		"aeroBalance":
		{
			"rideHeight": [ 0, 6, 6, 18 ],
			"rodLength": [ 53.210548400878906, 53.210548400878906, 32.666786193847656, 32.666786193847656 ],
			"splitter": 0,
			"rearWing": 7,
			"brakeDuct": [ 2, 2 ]
		},
		"drivetrain":
		{
			"preload": 0
		}
	},
	"trackBopType": 14
}