{
	"carName": "mclaren_720s_gt3",
	"basicSetup":
	{
		"tyres":
		{
			"tyreCompound": 0,
			"tyrePressure": [ 61, 63, 60, 60 ]
		},
		"alignment":
		{
			"camber": [ 8, 8, 13, 13 ],
			"toe": [ 38, 38, 25, 25 ],
			"staticCamber": [ -4.8086714744567871, -4.8078403472900391, -4.5317831039428711, -4.5317487716674805 ],
			"toeOutLinear": [ 0.001604883698746562, 0.0016048786928877234, 0.0005091821076348424, 0.00050921383081004024 ],
			"casterLF": 11,
			"casterRF": 11,
			"steerRatio": 2
		},
		"electronics":
		{
			"tC1": 1,
			"tC2": 6,
			"abs": 3,
			"eCUMap": 0,
			"fuelMix": 0,
			"telemetryLaps": 99
		},
		"strategy":
		{
			"fuel": 0,
			"nPitStops": 0,
			"tyreSet": 2,
			"frontBrakePadCompound": 0,
			"rearBrakePadCompound": 0,
			"pitStrategy": [
				{
					"fuelToAdd": 0,
					"tyres":
					{
						"tyreCompound": 0,
						"tyrePressure": [ 55, 52, 52, 50 ]
					},
					"tyreSet": 2,
					"frontBrakePadCompound": 1,
					"rearBrakePadCompound": 1
				}
			],
			"fuelPerLap": 3.7999999523162842
		}
	},
	"advancedSetup":
	{
		"mechanicalBalance":
		{
			"aRBFront": 9,
			"aRBRear": 6,
			"wheelRate": [ 4, 4, 4, 4 ],
			"bumpStopRateUp": [ 5, 5, 2, 2 ],
			"bumpStopRateDn": [ 0, 0, 10, 10 ],
			"bumpStopWindow": [ 1, 1, 50, 50 ],
			"brakeTorque": 20,
			"brakeBias": 25
		},
		"dampers":
		{
			"bumpSlow": [ 26, 26, 14, 14 ],
			"bumpFast": [ 18, 18, 23, 23 ],
			"reboundSlow": [ 16, 16, 22, 22 ],
			"reboundFast": [ 28, 28, 23, 23 ]
		},
		"aeroBalance":
		{
			"rideHeight": [ 3, 6, 8, 18 ],
			"rodLength": [ 58.477287292480469, 58.477287292480469, 36.524032592773438, 36.524032592773438 ],
			"splitter": 0,
			"rearWing": 7,
			"brakeDuct": [ 2, 2 ]
		},
		"drivetrain":
		{
			"preload": 2
		}
	},
	"trackBopType": 14
}