{
	"carName": "ferrari_488_gt3_evo",
	"basicSetup":
	{
		"tyres":
		{
			"tyreCompound": 0,
			"tyrePressure": [ 45, 59, 46, 55 ]
		},
		"alignment":
		{
			"camber": [ 0, 0, 0, 0 ],
			"toe": [ 0, 0, 0, 0 ],
			"staticCamber": [ -3.2549593448638916, -3.2445149421691895, -2.5333857536315918, -2.5260686874389648 ],
			"toeOutLinear": [ 0.0019522868096828461, 0.0019522830843925476, -0.0014576856046915054, -0.0014577223919332027 ],
			"casterLF": 50,
			"casterRF": 50,
			"steerRatio": 4
		},
		"electronics":
		{
			"tC1": 9,
			"tC2": 0,
			"abs": 5,
			"eCUMap": 0,
			"fuelMix": 0,
			"telemetryLaps": 99
		},
		"strategy":
		{
			"fuel": 9,
			"nPitStops": 0,
			"tyreSet": 6,
			"frontBrakePadCompound": 0,
			"rearBrakePadCompound": 0,
			"pitStrategy": [
				{
					"fuelToAdd": 0,
					"tyres":
					{
						"tyreCompound": 0,
						"tyrePressure": [ 49, 63, 47, 56 ]
					},
					"tyreSet": 2,
					"frontBrakePadCompound": 1,
					"rearBrakePadCompound": 1
				}
			],
			"fuelPerLap": 2.4046394824981689
		}
	},
	"advancedSetup":
	{
		"mechanicalBalance":
		{
			"aRBFront": 34,
			"aRBRear": 7,
			"wheelRate": [ 9, 9, 8, 8 ],
			"bumpStopRateUp": [ 7, 7, 2, 2 ],
			"bumpStopRateDn": [ 0, 0, 10, 10 ],
			"bumpStopWindow": [ 1, 1, 0, 0 ],
			"brakeTorque": 20,
			"brakeBias": 19
		},
		"dampers":
		{
			"bumpSlow": [ 8, 8, 9, 9 ],
			"bumpFast": [ 9, 9, 10, 11 ],
			"reboundSlow": [ 8, 8, 9, 9 ],
			"reboundFast": [ 10, 10, 10, 11 ]
		},
		"aeroBalance":
		{
			"rideHeight": [ 5, 6, 14, 18 ],
			"rodLength": [ -31.593917846679688, -31.593917846679688, -19.866693496704102, -19.866693496704102 ],
			"splitter": 0,
			"rearWing": 14,
			"brakeDuct": [ 4, 3 ]
		},
		"drivetrain":
		{
			"preload": 22
		}
	},
	"trackBopType": 51
}