{
	"carName": "ferrari_488_gt3_evo",
	"basicSetup":
	{
		"tyres":
		{
			"tyreCompound": 0,
			"tyrePressure": [ 57, 64, 60, 64 ]
		},
		"alignment":
		{
			"camber": [ 2, 2, 0, 0 ],
			"toe": [ 35, 35, 45, 45 ],
			"staticCamber": [ -2.8976950645446777, -2.8946740627288818, -2.2114183902740479, -2.2070989608764648 ],
			"toeOutLinear": [ 0.0008176284609362483, 0.00081748719094321132, -0.00056100997608155012, -0.00056057784240692854 ],
			"casterLF": 46,
			"casterRF": 46,
			"steerRatio": 4
		},
		"electronics":
		{
			"tC1": 5,
			"tC2": 5,
			"abs": 6,
			"eCUMap": 0,
			"fuelMix": 0,
			"telemetryLaps": 0
		},
		"strategy":
		{
			"fuel": 11,
			"nPitStops": 0,
			"tyreSet": 1,
			"frontBrakePadCompound": 0,
			"rearBrakePadCompound": 0,
			"pitStrategy": [
				{
					"fuelToAdd": 0,
					"tyres":
					{
						"tyreCompound": 0,
						"tyrePressure": [ 45, 50, 40, 46 ]
					},
					"tyreSet": 2,
					"frontBrakePadCompound": 1,
					"rearBrakePadCompound": 1
				}
			],
			"fuelPerLap": 3.007002592086792
		}
	},
	"advancedSetup":
	{
		"mechanicalBalance":
		{
			"aRBFront": 30,
			"aRBRear": 1,
			"wheelRate": [ 9, 9, 1, 1 ],
			"bumpStopRateUp": [ 10, 10, 2, 2 ],
			"bumpStopRateDn": [ 0, 0, 10, 10 ],
			"bumpStopWindow": [ 1, 1, 50, 50 ],
			"brakeTorque": 20,
			"brakeBias": 65
		},
		"dampers":
		{
			"bumpSlow": [ 9, 9, 5, 5 ],
			"bumpFast": [ 3, 3, 4, 4 ],
			"reboundSlow": [ 5, 5, 5, 5 ],
			"reboundFast": [ 6, 6, 6, 6 ]
		},
		"aeroBalance":
		{
			"rideHeight": [ 2, 6, 0, 18 ],
			"rodLength": [ -35.239498138427734, -35.239498138427734, -24.843753814697266, -24.843753814697266 ],
			"splitter": 0,
			"rearWing": 2,
			"brakeDuct": [ 4, 4 ]
		},
		"drivetrain":
		{
			"preload": 23
		}
	},
	"trackBopType": 26
}