{
	"carName": "bmw_m2_cs_racing",
	"basicSetup":
	{
		"tyres":
		{
			"tyreCompound": 0,
			"tyrePressure": [ 45, 57, 47, 56 ]
		},
		"alignment":
		{
			"camber": [ 0, 0, 0, 0 ],
			"toe": [ 0, 0, 0, 0 ],
			"staticCamber": [ -4.8152313232421875, -4.7978000640869141, -3.2162046432495117, -3.2090282440185547 ],
			"toeOutLinear": [ 0.00026988197350874543, 0.00027703674277290702, 2.406376734143123e-05, 2.386479354754556e-05 ],
			"casterLF": 0,
			"casterRF": 0,
			"steerRatio": 5
		},
		"electronics":
		{
			"tC1": 1,
			"tC2": 0,
			"abs": 1,
			"eCUMap": 0,
			"fuelMix": 0,
			"telemetryLaps": 99
		},
		"strategy":
		{
			"fuel": 7,
			"nPitStops": 0,
			"tyreSet": 2,
			"frontBrakePadCompound": 0,
			"rearBrakePadCompound": 0,
			"pitStrategy": [
				{
					"fuelToAdd": 0,
					"tyres":
					{
						"tyreCompound": 0,
						"tyrePressure": [ 27, 41, 31, 43 ]
					},
					"tyreSet": 2,
					"frontBrakePadCompound": 1,
					"rearBrakePadCompound": 1
				}
			],
			"fuelPerLap": 2.2512941360473633
		}
	},
	"advancedSetup":
	{
		"mechanicalBalance":
		{
			"aRBFront": 1,
			"aRBRear": 2,
			"wheelRate": [ 0, 0, 1, 1 ],
			"bumpStopRateUp": [ 3, 3, 5, 5 ],
			"bumpStopRateDn": [ 0, 0, 10, 10 ],
			"bumpStopWindow": [ 30, 30, 15, 15 ],
			"brakeTorque": 20,
			"brakeBias": 0
		},
		"dampers":
		{
			"bumpSlow": [ 7, 7, 15, 15 ],
			"bumpFast": [ 0, 0, 0, 0 ],
			"reboundSlow": [ 9, 9, 15, 15 ],
			"reboundFast": [ 0, 0, 0, 0 ]
		},
		"aeroBalance":
		{
			"rideHeight": [ 0, 0, 15, 0 ],
			"rodLength": [ -3.0834169387817383, -3.0834169387817383, 6.2830171585083008, 6.2830171585083008 ],
			"splitter": 0,
			"rearWing": 4,
			"brakeDuct": [ 3, 0 ]
		},
		"drivetrain":
		{
			"preload": 0
		}
	},
	"trackBopType": 27
}