{
	"carName": "porsche_991ii_gt3_r",
	"basicSetup":
	{
		"tyres":
		{
			"tyreCompound": 0,
			"tyrePressure": [ 69, 70, 59, 60 ]
		},
		"alignment":
		{
			"camber": [ 25, 25, 16, 16 ],
			"toe": [ 20, 20, 20, 20 ],
			"staticCamber": [ -5.0937399864196777, -5.0933260917663574, -0.38119056820869446, -0.38028359413146973 ],
			"toeOutLinear": [ 0.00017648015636950731, 0.00017653529357630759, -0.0044812099076807499, -0.0044811698608100414 ],
			"casterLF": 11,
			"casterRF": 11,
			"steerRatio": 5
		},
		"electronics":
		{
			"tC1": 1,
			"tC2": 4,
			"abs": 3,
			"eCUMap": 7,
			"fuelMix": 0,
			"telemetryLaps": 99
		},
		"strategy":
		{
			"fuel": 22,
			"nPitStops": 0,
			"tyreSet": 19,
			"frontBrakePadCompound": 0,
			"rearBrakePadCompound": 0,
			"pitStrategy": [
				{
					"fuelToAdd": 0,
					"tyres":
					{
						"tyreCompound": 0,
						"tyrePressure": [ 54, 56, 48, 49 ]
					},
					"tyreSet": 2,
					"frontBrakePadCompound": 1,
					"rearBrakePadCompound": 1
				}
			],
			"fuelPerLap": 3.3031113147735596
		}
	},
	"advancedSetup":
	{
		"mechanicalBalance":
		{
			"aRBFront": 4,
			"aRBRear": 2,
			"wheelRate": [ 6, 6, 4, 4 ],
			"bumpStopRateUp": [ 9, 9, 2, 2 ],
			"bumpStopRateDn": [ 0, 0, 10, 10 ],
			"bumpStopWindow": [ 6, 6, 20, 20 ],
			"brakeTorque": 20,
			"brakeBias": 35
		},
		"dampers":
		{
			"bumpSlow": [ 9, 9, 9, 9 ],
			"bumpFast": [ 6, 6, 7, 7 ],
			"reboundSlow": [ 8, 8, 9, 9 ],
			"reboundFast": [ 10, 10, 10, 10 ]
		},
		"aeroBalance":
		{
			"rideHeight": [ 1, 11, 14, 18 ],
			"rodLength": [ 50.179031372070313, 50.179031372070313, -52.254348754882813, -52.254348754882813 ],
			"splitter": 2,
			"rearWing": 11,
			"brakeDuct": [ 2, 2 ]
		},
		"drivetrain":
		{
			"preload": 6
		}
	},
	"trackBopType": 14
}