{
	"carName": "porsche_991ii_gt3_r",
	"basicSetup":
	{
		"tyres":
		{
			"tyreCompound": 0,
			"tyrePressure": [ 69, 70, 61, 60 ]
		},
		"alignment":
		{
			"camber": [ 25, 25, 16, 16 ],
			"toe": [ 20, 20, 20, 20 ],
			"staticCamber": [ -5.0941166877746582, -5.0937185287475586, -0.37891209125518799, -0.37981307506561279 ],
			"toeOutLinear": [ 0.00017637407290749252, 0.00017632587696425617, -0.0044813374988734722, -0.0044814487919211388 ],
			"casterLF": 11,
			"casterRF": 11,
			"steerRatio": 5
		},
		"electronics":
		{
			"tC1": 1,
			"tC2": 4,
			"abs": 3,
			"eCUMap": 7,
			"fuelMix": 0,
			"telemetryLaps": 99
		},
		"strategy":
		{
			"fuel": 24,
			"nPitStops": 0,
			"tyreSet": 4,
			"frontBrakePadCompound": 0,
			"rearBrakePadCompound": 0,
			"pitStrategy": [
				{
					"fuelToAdd": 0,
					"tyres":
					{
						"tyreCompound": 0,
						"tyrePressure": [ 54, 56, 48, 49 ]
					},
					"tyreSet": 2,
					"frontBrakePadCompound": 1,
					"rearBrakePadCompound": 1
				}
			],
			"fuelPerLap": 3.2694878578186035
		}
	},
	"advancedSetup":
	{
		"mechanicalBalance":
		{
			"aRBFront": 4,
			"aRBRear": 2,
			"wheelRate": [ 6, 6, 4, 4 ],
			"bumpStopRateUp": [ 9, 9, 2, 2 ],
			"bumpStopRateDn": [ 0, 0, 10, 10 ],
			"bumpStopWindow": [ 6, 6, 20, 20 ],
			"brakeTorque": 20,
			"brakeBias": 35
		},
		"dampers":
		{
			"bumpSlow": [ 9, 9, 9, 9 ],
			"bumpFast": [ 6, 6, 7, 7 ],
			"reboundSlow": [ 6, 6, 9, 9 ],
			"reboundFast": [ 10, 10, 10, 10 ]
		},
		"aeroBalance":
		{
			"rideHeight": [ 1, 11, 14, 18 ],
			"rodLength": [ 50.244194030761719, 50.244194030761719, -52.279411315917969, -52.279411315917969 ],
			"splitter": 2,
			"rearWing": 12,
			"brakeDuct": [ 2, 2 ]
		},
		"drivetrain":
		{
			"preload": 6
		}
	},
	"trackBopType": 14
}