{
	"carName": "mclaren_720s_gt3",
	"basicSetup":
	{
		"tyres":
		{
			"tyreCompound": 0,
			"tyrePressure": [ 62, 67, 59, 65 ]
		},
		"alignment":
		{
			"camber": [ 0, 0, 3, 3 ],
			"toe": [ 33, 33, 25, 28 ],
			"staticCamber": [ -4.6131844520568848, -4.6110296249389648, -3.9199867248535156, -3.9143054485321045 ],
			"toeOutLinear": [ 0.0016613940242677927, 0.0016612511826679111, 0.0004864927614107728, 0.00055485323537141085 ],
			"casterLF": 11,
			"casterRF": 11,
			"steerRatio": 1
		},
		"electronics":
		{
			"tC1": 3,
			"tC2": 6,
			"abs": 3,
			"eCUMap": 0,
			"fuelMix": 0,
			"telemetryLaps": 99
		},
		"strategy":
		{
			"fuel": 13,
			"nPitStops": 0,
			"tyreSet": 1,
			"frontBrakePadCompound": 0,
			"rearBrakePadCompound": 0,
			"pitStrategy": [
				{
					"fuelToAdd": 0,
					"tyres":
					{
						"tyreCompound": 0,
						"tyrePressure": [ 50, 56, 43, 50 ]
					},
					"tyreSet": 2,
					"frontBrakePadCompound": 1,
					"rearBrakePadCompound": 1
				}
			],
			"fuelPerLap": 3.205575704574585
		}
	},
	"advancedSetup":
	{
		"mechanicalBalance":
		{
			"aRBFront": 4,
			"aRBRear": 3,
			"wheelRate": [ 3, 3, 6, 6 ],
			"bumpStopRateUp": [ 7, 7, 2, 2 ],
			"bumpStopRateDn": [ 0, 0, 10, 10 ],
			"bumpStopWindow": [ 1, 1, 50, 50 ],
			"brakeTorque": 20,
			"brakeBias": 35
		},
		"dampers":
		{
			"bumpSlow": [ 30, 30, 7, 7 ],
			"bumpFast": [ 16, 16, 7, 7 ],
			"reboundSlow": [ 18, 18, 38, 38 ],
			"reboundFast": [ 16, 16, 13, 13 ]
		},
		"aeroBalance":
		{
			"rideHeight": [ 2, 6, 5, 18 ],
			"rodLength": [ 58.799613952636719, 58.799613952636719, 31.441305160522461, 31.441305160522461 ],
			"splitter": 0,
			"rearWing": 6,
			"brakeDuct": [ 2, 2 ]
		},
		"drivetrain":
		{
			"preload": 6
		}
	},
	"trackBopType": 27
}