{
	"carName": "maserati_mc_gt4",
	"basicSetup":
	{
		"tyres":
		{
			"tyreCompound": 0,
			"tyrePressure": [ 50, 58, 54, 62 ]
		},
		"alignment":
		{
			"camber": [ 8, 8, 8, 8 ],
			"toe": [ 40, 40, 40, 40 ],
			"staticCamber": [ -3.0894279479980469, -3.0809051990509033, -1.813483715057373, -1.805585503578186 ],
			"toeOutLinear": [ 8.8589644292369485e-05, 8.8571810920257121e-05, 0.00015763776900712401, 0.00015766183787491173 ],
			"casterLF": 10,
			"casterRF": 10,
			"steerRatio": 3
		},
		"electronics":
		{
			"tC1": 0,
			"tC2": 0,
			"abs": 0,
			"eCUMap": 0,
			"fuelMix": 0,
			"telemetryLaps": 99
		},
		"strategy":
		{
			"fuel": 11,
			"nPitStops": 0,
			"tyreSet": 5,
			"frontBrakePadCompound": 0,
			"rearBrakePadCompound": 0,
			"pitStrategy": [
				{
					"fuelToAdd": 0,
					"tyres":
					{
						"tyreCompound": 0,
						"tyrePressure": [ 41, 54, 46, 55 ]
					},
					"tyreSet": 2,
					"frontBrakePadCompound": 1,
					"rearBrakePadCompound": 1
				}
			],
			"fuelPerLap": 2.6032886505126953
		}
	},
	"advancedSetup":
	{
		"mechanicalBalance":
		{
			"aRBFront": 0,
			"aRBRear": 1,
			"wheelRate": [ 2, 2, 1, 1 ],
			"bumpStopRateUp": [ 0, 0, 0, 0 ],
			"bumpStopRateDn": [ 0, 0, 10, 10 ],
			"bumpStopWindow": [ 0, 0, 0, 0 ],
			"brakeTorque": 20,
			"brakeBias": 10
		},
		"dampers":
		{
			"bumpSlow": [ 14, 14, 18, 18 ],
			"bumpFast": [ 0, 0, 0, 0 ],
			"reboundSlow": [ 8, 8, 10, 10 ],
			"reboundFast": [ 0, 0, 0, 0 ]
		},
		"aeroBalance":
		{
			"rideHeight": [ 5, 6, 0, 18 ],
			"rodLength": [ 3.6592779159545898, 3.6592779159545898, -4.721198558807373, -4.721198558807373 ],
			"splitter": 0,
			"rearWing": 0,
			"brakeDuct": [ 2, 2 ]
		},
		"drivetrain":
		{
			"preload": 3
		}
	},
	"trackBopType": 6
}