{
	"carName": "mclaren_720s_gt3",
	"basicSetup":
	{
		"tyres":
		{
			"tyreCompound": 0,
			"tyrePressure": [ 54, 64, 56, 64 ]
		},
		"alignment":
		{
			"camber": [ 0, 0, 0, 0 ],
			"toe": [ 43, 43, 10, 10 ],
			"staticCamber": [ -4.6052126884460449, -4.6002306938171387, -4.2697834968566895, -4.2635860443115234 ],
			"toeOutLinear": [ 0.0014654133701696992, 0.001465389272198081, 0.00015477294800803065, 0.00015474131214432418 ],
			"casterLF": 11,
			"casterRF": 11,
			"steerRatio": 0
		},
		"electronics":
		{
			"tC1": 1,
			"tC2": 6,
			"abs": 3,
			"eCUMap": 0,
			"fuelMix": 0,
			"telemetryLaps": 99
		},
		"strategy":
		{
			"fuel": 14,
			"nPitStops": 0,
			"tyreSet": 4,
			"frontBrakePadCompound": 0,
			"rearBrakePadCompound": 0,
			"pitStrategy": [
				{
					"fuelToAdd": 0,
					"tyres":
					{
						"tyreCompound": 0,
						"tyrePressure": [ 54, 54, 48, 48 ]
					},
					"tyreSet": 2,
					"frontBrakePadCompound": 1,
					"rearBrakePadCompound": 1
				}
			],
			"fuelPerLap": 3.1343240737915039
		}
	},
	"advancedSetup":
	{
		"mechanicalBalance":
		{
			"aRBFront": 9,
			"aRBRear": 8,
			"wheelRate": [ 4, 4, 7, 7 ],
			"bumpStopRateUp": [ 12, 12, 5, 5 ],
			"bumpStopRateDn": [ 0, 0, 10, 10 ],
			"bumpStopWindow": [ 25, 25, 0, 0 ],
			"brakeTorque": 20,
			"brakeBias": 30
		},
		"dampers":
		{
			"bumpSlow": [ 25, 25, 15, 15 ],
			"bumpFast": [ 31, 31, 23, 23 ],
			"reboundSlow": [ 9, 9, 20, 20 ],
			"reboundFast": [ 9, 9, 23, 23 ]
		},
		"aeroBalance":
		{
			"rideHeight": [ 0, 6, 6, 18 ],
			"rodLength": [ 55.15765380859375, 55.15765380859375, 32.203823089599609, 32.203823089599609 ],
			"splitter": 0,
			"rearWing": 7,
			"brakeDuct": [ 3, 3 ]
		},
		"drivetrain":
		{
			"preload": 2
		}
	},
	"trackBopType": 32
}