{
	"carName": "mclaren_720s_gt3",
	"basicSetup":
	{
		"tyres":
		{
			"tyreCompound": 0,
			"tyrePressure": [ 53, 63, 55, 62 ]
		},
		"alignment":
		{
			"camber": [ 0, 0, 0, 0 ],
			"toe": [ 33, 33, 20, 20 ],
			"staticCamber": [ -4.6167631149291992, -4.6116065979003906, -4.4430432319641113, -4.4377837181091309 ],
			"toeOutLinear": [ 0.001627292251214385, 0.0016272917855530977, 0.00041821415652520955, 0.00041821764898486435 ],
			"casterLF": 11,
			"casterRF": 11,
			"steerRatio": 0
		},
		"electronics":
		{
			"tC1": 1,
			"tC2": 6,
			"abs": 3,
			"eCUMap": 0,
			"fuelMix": 0,
			"telemetryLaps": 99
		},
		"strategy":
		{
			"fuel": 14,
			"nPitStops": 0,
			"tyreSet": 2,
			"frontBrakePadCompound": 0,
			"rearBrakePadCompound": 0,
			"pitStrategy": [
				{
					"fuelToAdd": 0,
					"tyres":
					{
						"tyreCompound": 0,
						"tyrePressure": [ 54, 54, 48, 48 ]
					},
					"tyreSet": 2,
					"frontBrakePadCompound": 1,
					"rearBrakePadCompound": 1
				}
			],
			"fuelPerLap": 3.1852531433105469
		}
	},
	"advancedSetup":
	{
		"mechanicalBalance":
		{
			"aRBFront": 9,
			"aRBRear": 8,
			"wheelRate": [ 6, 6, 6, 6 ],
			"bumpStopRateUp": [ 12, 12, 5, 5 ],
			"bumpStopRateDn": [ 0, 0, 10, 10 ],
			"bumpStopWindow": [ 20, 20, 15, 15 ],
			"brakeTorque": 20,
			"brakeBias": 25
		},
		"dampers":
		{
			"bumpSlow": [ 25, 25, 15, 15 ],
			"bumpFast": [ 31, 31, 23, 23 ],
			"reboundSlow": [ 9, 9, 20, 20 ],
			"reboundFast": [ 9, 9, 23, 23 ]
		},
		"aeroBalance":
		{
			"rideHeight": [ 0, 6, 11, 18 ],
			"rodLength": [ 53.339817047119141, 53.339817047119141, 38.130546569824219, 38.130546569824219 ],
			"splitter": 0,
			"rearWing": 6,
			"brakeDuct": [ 3, 3 ]
		},
		"drivetrain":
		{
			"preload": 2
		}
	},
	"trackBopType": 32
}