{
	"carName": "mclaren_720s_gt3",
	"basicSetup":
	{
		"tyres":
		{
			"tyreCompound": 0,
			"tyrePressure": [ 54, 65, 54, 60 ]
		},
		"alignment":
		{
			"camber": [ 0, 0, 0, 0 ],
			"toe": [ 38, 38, 20, 20 ],
			"staticCamber": [ -4.6073193550109863, -4.6019072532653809, -4.2666325569152832, -4.2622294425964355 ],
			"toeOutLinear": [ 0.0015402308199554682, 0.001540370169095695, 0.00038180340197868645, 0.00038186731399036944 ],
			"casterLF": 11,
			"casterRF": 11,
			"steerRatio": 0
		},
		"electronics":
		{
			"tC1": 1,
			"tC2": 6,
			"abs": 2,
			"eCUMap": 0,
			"fuelMix": 0,
			"telemetryLaps": 99
		},
		"strategy":
		{
			"fuel": 14,
			"nPitStops": 0,
			"tyreSet": 3,
			"frontBrakePadCompound": 0,
			"rearBrakePadCompound": 0,
			"pitStrategy": [
				{
					"fuelToAdd": 0,
					"tyres":
					{
						"tyreCompound": 0,
						"tyrePressure": [ 54, 54, 48, 48 ]
					},
					"tyreSet": 2,
					"frontBrakePadCompound": 1,
					"rearBrakePadCompound": 1
				}
			],
			"fuelPerLap": 3.1729171276092529
		}
	},
	"advancedSetup":
	{
		"mechanicalBalance":
		{
			"aRBFront": 10,
			"aRBRear": 8,
			"wheelRate": [ 4, 4, 0, 0 ],
			"bumpStopRateUp": [ 9, 9, 5, 5 ],
			"bumpStopRateDn": [ 0, 0, 10, 10 ],
			"bumpStopWindow": [ 10, 10, 20, 20 ],
			"brakeTorque": 20,
			"brakeBias": 25
		},
		"dampers":
		{
			"bumpSlow": [ 25, 25, 15, 15 ],
			"bumpFast": [ 31, 31, 23, 23 ],
			"reboundSlow": [ 9, 9, 20, 20 ],
			"reboundFast": [ 9, 9, 23, 23 ]
		},
		"aeroBalance":
		{
			"rideHeight": [ 0, 6, 6, 18 ],
			"rodLength": [ 55.75262451171875, 55.75262451171875, 42.776149749755859, 42.776149749755859 ],
			"splitter": 0,
			"rearWing": 5,
			"brakeDuct": [ 2, 2 ]
		},
		"drivetrain":
		{
			"preload": 2
		}
	},
	"trackBopType": 26
}