{
	"carName": "mclaren_720s_gt3",
	"basicSetup":
	{
		"tyres":
		{
			"tyreCompound": 0,
			"tyrePressure": [ 60, 65, 59, 61 ]
		},
		"alignment":
		{
			"camber": [ 0, 0, 0, 0 ],
			"toe": [ 38, 38, 20, 20 ],
			"staticCamber": [ -4.6085386276245117, -4.6064209938049316, -4.0713353157043457, -4.0697178840637207 ],
			"toeOutLinear": [ 0.0015811141347512603, 0.0015811664052307606, 0.00034205263364128768, 0.00034204250550828874 ],
			"casterLF": 11,
			"casterRF": 11,
			"steerRatio": 2
		},
		"electronics":
		{
			"tC1": 1,
			"tC2": 6,
			"abs": 2,
			"eCUMap": 0,
			"fuelMix": 0,
			"telemetryLaps": 99
		},
		"strategy":
		{
			"fuel": 0,
			"nPitStops": 0,
			"tyreSet": 5,
			"frontBrakePadCompound": 0,
			"rearBrakePadCompound": 0,
			"pitStrategy": [
				{
					"fuelToAdd": 0,
					"tyres":
					{
						"tyreCompound": 0,
						"tyrePressure": [ 54, 54, 48, 48 ]
					},
					"tyreSet": 2,
					"frontBrakePadCompound": 1,
					"rearBrakePadCompound": 1
				}
			],
			"fuelPerLap": 3.4500000476837158
		}
	},
	"advancedSetup":
	{
		"mechanicalBalance":
		{
			"aRBFront": 10,
			"aRBRear": 6,
			"wheelRate": [ 2, 2, 2, 2 ],
			"bumpStopRateUp": [ 9, 9, 1, 1 ],
			"bumpStopRateDn": [ 0, 0, 10, 10 ],
			"bumpStopWindow": [ 6, 6, 35, 35 ],
			"brakeTorque": 20,
			"brakeBias": 31
		},
		"dampers":
		{
			"bumpSlow": [ 27, 27, 15, 15 ],
			"bumpFast": [ 31, 31, 23, 23 ],
			"reboundSlow": [ 9, 9, 20, 20 ],
			"reboundFast": [ 9, 9, 23, 23 ]
		},
		"aeroBalance":
		{
			"rideHeight": [ 2, 6, 1, 18 ],
			"rodLength": [ 60.225669860839844, 60.225669860839844, 32.708812713623047, 32.708812713623047 ],
			"splitter": 0,
			"rearWing": 3,
			"brakeDuct": [ 2, 2 ]
		},
		"drivetrain":
		{
			"preload": 0
		}
	},
	"trackBopType": 26
}