{
	"carName": "honda_nsx_gt3_evo",
	"basicSetup":
	{
		"tyres":
		{
			"tyreCompound": 0,
			"tyrePressure": [ 58, 65, 55, 62 ]
		},
		"alignment":
		{
			"camber": [ 0, 0, 1, 0 ],
			"toe": [ 28, 28, 48, 46 ],
			"staticCamber": [ -2.1221780776977539, -2.1198520660400391, -2.5465242862701416, -2.6447670459747314 ],
			"toeOutLinear": [ 0.00076470017665997148, 0.00076513044768944383, -6.1859333072789013e-05, -0.00012236114707775414 ],
			"casterLF": 26,
			"casterRF": 26,
			"steerRatio": 3
		},
		"electronics":
		{
			"tC1": 6,
			"tC2": 2,
			"abs": 4,
			"eCUMap": 0,
			"fuelMix": 0,
			"telemetryLaps": 0
		},
		"strategy":
		{
			"fuel": 12,
			"nPitStops": 0,
			"tyreSet": 1,
			"frontBrakePadCompound": 0,
			"rearBrakePadCompound": 0,
			"pitStrategy": [
				{
					"fuelToAdd": 0,
					"tyres":
					{
						"tyreCompound": 0,
						"tyrePressure": [ 64, 62, 59, 57 ]
					},
					"tyreSet": 2,
					"frontBrakePadCompound": 1,
					"rearBrakePadCompound": 1
				}
			],
			"fuelPerLap": 2.677199125289917
		}
	},
	"advancedSetup":
	{
		"mechanicalBalance":
		{
			"aRBFront": 6,
			"aRBRear": 2,
			"wheelRate": [ 0, 0, 1, 1 ],
			"bumpStopRateUp": [ 4, 4, 8, 8 ],
			"bumpStopRateDn": [ 0, 0, 10, 10 ],
			"bumpStopWindow": [ 8, 8, 20, 20 ],
			"brakeTorque": 20,
			"brakeBias": 19
		},
		"dampers":
		{
			"bumpSlow": [ 21, 21, 29, 30 ],
			"bumpFast": [ 18, 17, 16, 15 ],
			"reboundSlow": [ 23, 23, 31, 31 ],
			"reboundFast": [ 18, 18, 16, 16 ]
		},
		"aeroBalance":
		{
			"rideHeight": [ 0, 6, 13, 18 ],
			"rodLength": [ -20.148681640625, -20.148681640625, 9.8164739608764648, 9.8164739608764648 ],
			"splitter": 0,
			"rearWing": 17,
			"brakeDuct": [ 2, 3 ]
		},
		"drivetrain":
		{
			"preload": 6
		}
	},
	"trackBopType": 28
}