{
	"carName": "ferrari_488_gt3_evo",
	"basicSetup":
	{
		"tyres":
		{
			"tyreCompound": 0,
			"tyrePressure": [ 61, 66, 60, 63 ]
		},
		"alignment":
		{
			"camber": [ 0, 0, 16, 16 ],
			"toe": [ 32, 32, 50, 50 ],
			"staticCamber": [ -4.1202988624572754, -4.1179876327514648, -2.1532227993011475, -2.1507112979888916 ],
			"toeOutLinear": [ 0.00091343210078775883, 0.00091345567489042878, -0.0004412815032992512, -0.00044075431651435792 ],
			"casterLF": 46,
			"casterRF": 46,
			"steerRatio": 4
		},
		"electronics":
		{
			"tC1": 5,
			"tC2": 5,
			"abs": 3,
			"eCUMap": 0,
			"fuelMix": 0,
			"telemetryLaps": 20
		},
		"strategy":
		{
			"fuel": 18,
			"nPitStops": 0,
			"tyreSet": 6,
			"frontBrakePadCompound": 0,
			"rearBrakePadCompound": 0,
			"pitStrategy": [
				{
					"fuelToAdd": 0,
					"tyres":
					{
						"tyreCompound": 0,
						"tyrePressure": [ 49, 57, 52, 55 ]
					},
					"tyreSet": 2,
					"frontBrakePadCompound": 1,
					"rearBrakePadCompound": 1
				}
			],
			"fuelPerLap": 2.4086005687713623
		}
	},
	"advancedSetup":
	{
		"mechanicalBalance":
		{
			"aRBFront": 25,
			"aRBRear": 4,
			"wheelRate": [ 7, 7, 3, 3 ],
			"bumpStopRateUp": [ 7, 7, 2, 2 ],
			"bumpStopRateDn": [ 0, 0, 10, 10 ],
			"bumpStopWindow": [ 3, 3, 50, 50 ],
			"brakeTorque": 20,
			"brakeBias": 35
		},
		"dampers":
		{
			"bumpSlow": [ 6, 6, 3, 3 ],
			"bumpFast": [ 2, 2, 4, 4 ],
			"reboundSlow": [ 7, 7, 5, 5 ],
			"reboundFast": [ 6, 6, 8, 8 ]
		},
		"aeroBalance":
		{
			"rideHeight": [ 2, 6, 1, 18 ],
			"rodLength": [ -32.14764404296875, -32.14764404296875, -24.836223602294922, -24.836223602294922 ],
			"splitter": 0,
			"rearWing": 12,
			"brakeDuct": [ 4, 4 ]
		},
		"drivetrain":
		{
			"preload": 8
		}
	},
	"trackBopType": 20
}