{
	"carName": "mercedes_amg_gt3_evo",
	"basicSetup":
	{
		"tyres":
		{
			"tyreCompound": 0,
			"tyrePressure": [ 60, 66, 63, 66 ]
		},
		"alignment":
		{
			"camber": [ 1, 1, 4, 4 ],
			"toe": [ 35, 35, 47, 47 ],
			"staticCamber": [ -3.315701961517334, -3.314617395401001, -3.7596056461334229, -3.7570247650146484 ],
			"toeOutLinear": [ -0.00038817693712189794, -0.00038362573832273483, 0.0001116111598093994, 0.00011165909381816164 ],
			"casterLF": 39,
			"casterRF": 38,
			"steerRatio": 4
		},
		"electronics":
		{
			"tC1": 5,
			"tC2": 0,
			"abs": 3,
			"eCUMap": 0,
			"fuelMix": 0,
			"telemetryLaps": 51
		},
		"strategy":
		{
			"fuel": 37,
			"nPitStops": 0,
			"tyreSet": 7,
			"frontBrakePadCompound": 0,
			"rearBrakePadCompound": 0,
			"pitStrategy": [
				{
					"fuelToAdd": 0,
					"tyres":
					{
						"tyreCompound": 0,
						"tyrePressure": [ 50, 56, 53, 56 ]
					},
					"tyreSet": 2,
					"frontBrakePadCompound": 1,
					"rearBrakePadCompound": 1
				}
			],
			"fuelPerLap": 3.6242053508758545
		}
	},
	"advancedSetup":
	{
		"mechanicalBalance":
		{
			"aRBFront": 2,
			"aRBRear": 5,
			"wheelRate": [ 3, 3, 3, 3 ],
			"bumpStopRateUp": [ 4, 4, 3, 3 ],
			"bumpStopRateDn": [ 0, 0, 10, 10 ],
			"bumpStopWindow": [ 1, 1, 50, 50 ],
			"brakeTorque": 20,
			"brakeBias": 49
		},
		"dampers":
		{
			"bumpSlow": [ 2, 1, 3, 2 ],
			"bumpFast": [ 11, 11, 7, 9 ],
			"reboundSlow": [ 4, 3, 8, 10 ],
			"reboundFast": [ 12, 12, 8, 8 ]
		},
		"aeroBalance":
		{
			"rideHeight": [ 1, 6, 5, 18 ],
			"rodLength": [ 5.6756763458251953, 5.6756763458251953, 66.7857666015625, 66.7857666015625 ],
			"splitter": 3,
			"rearWing": 7,
			"brakeDuct": [ 3, 2 ]
		},
		"drivetrain":
		{
			"preload": 9
		}
	},
	"trackBopType": 27
}