{
	"carName": "porsche_991ii_gt3_r",
	"basicSetup":
	{
		"tyres":
		{
			"tyreCompound": 0,
			"tyrePressure": [ 57, 64, 54, 59 ]
		},
		"alignment":
		{
			"camber": [ 11, 11, 3, 3 ],
			"toe": [ 33, 33, 40, 40 ],
			"staticCamber": [ -6.4746661186218262, -6.465876579284668, -2.4035708904266357, -2.3995828628540039 ],
			"toeOutLinear": [ -0.00019816259737126529, -0.00019799954316113144, -0.0049632755108177662, -0.0049635865725576878 ],
			"casterLF": 1,
			"casterRF": 1,
			"steerRatio": 4
		},
		"electronics":
		{
			"tC1": 1,
			"tC2": 2,
			"abs": 2,
			"eCUMap": 6,
			"fuelMix": 0,
			"telemetryLaps": 0
		},
		"strategy":
		{
			"fuel": 118,
			"nPitStops": 0,
			"tyreSet": 0,
			"frontBrakePadCompound": 0,
			"rearBrakePadCompound": 0,
			"pitStrategy": [
				{
					"fuelToAdd": 0,
					"tyres":
					{
						"tyreCompound": 0,
						"tyrePressure": [ 50, 62, 46, 55 ]
					},
					"tyreSet": 2,
					"frontBrakePadCompound": 1,
					"rearBrakePadCompound": 1
				}
			],
			"fuelPerLap": 2.7311549186706543
		}
	},
	"advancedSetup":
	{
		"mechanicalBalance":
		{
			"aRBFront": 4,
			"aRBRear": 5,
			"wheelRate": [ 7, 7, 2, 2 ],
			"bumpStopRateUp": [ 4, 4, 14, 14 ],
			"bumpStopRateDn": [ 0, 0, 10, 10 ],
			"bumpStopWindow": [ 4, 4, 11, 11 ],
			"brakeTorque": 17,
			"brakeBias": 23
		},
		"dampers":
		{
			"bumpSlow": [ 7, 7, 2, 2 ],
			"bumpFast": [ 16, 16, 6, 6 ],
			"reboundSlow": [ 9, 9, 6, 6 ],
			"reboundFast": [ 14, 14, 12, 12 ]
		},
		"aeroBalance":
		{
			"rideHeight": [ 0, 11, 28, 18 ],
			"rodLength": [ 52.663246154785156, 52.663246154785156, -36.604820251464844, -36.604820251464844 ],
			"splitter": 5,
			"rearWing": 12,
			"brakeDuct": [ 4, 3 ]
		},
		"drivetrain":
		{
			"preload": 4
		}
	}
}