{
	"carName": "mclaren_720s_gt3",
	"basicSetup":
	{
		"tyres":
		{
			"tyreCompound": 0,
			"tyrePressure": [ 54, 61, 51, 58 ]
		},
		"alignment":
		{
			"camber": [ 0, 0, 0, 0 ],
			"toe": [ 38, 38, 23, 23 ],
			"staticCamber": [ -4.6095528602600098, -4.6058902740478516, -4.4481892585754395, -4.4433832168579102 ],
			"toeOutLinear": [ 0.0015873692464083433, 0.0015872974181547761, 0.00048674733261577785, 0.00048670166870579123 ],
			"casterLF": 11,
			"casterRF": 11,
			"steerRatio": 2
		},
		"electronics":
		{
			"tC1": 1,
			"tC2": 6,
			"abs": 3,
			"eCUMap": 0,
			"fuelMix": 0,
			"telemetryLaps": 99
		},
		"strategy":
		{
			"fuel": 13,
			"nPitStops": 0,
			"tyreSet": 1,
			"frontBrakePadCompound": 0,
			"rearBrakePadCompound": 0,
			"pitStrategy": [
				{
					"fuelToAdd": 0,
					"tyres":
					{
						"tyreCompound": 0,
						"tyrePressure": [ 50, 58, 50, 57 ]
					},
					"tyreSet": 2,
					"frontBrakePadCompound": 1,
					"rearBrakePadCompound": 1
				}
			],
			"fuelPerLap": 2.5379343032836914
		}
	},
	"advancedSetup":
	{
		"mechanicalBalance":
		{
			"aRBFront": 9,
			"aRBRear": 4,
			"wheelRate": [ 2, 2, 2, 2 ],
			"bumpStopRateUp": [ 7, 7, 2, 2 ],
			"bumpStopRateDn": [ 0, 0, 10, 10 ],
			"bumpStopWindow": [ 2, 2, 50, 50 ],
			"brakeTorque": 20,
			"brakeBias": 30
		},
		"dampers":
		{
			"bumpSlow": [ 29, 29, 15, 15 ],
			"bumpFast": [ 31, 31, 21, 21 ],
			"reboundSlow": [ 11, 11, 22, 22 ],
			"reboundFast": [ 9, 9, 23, 23 ]
		},
		"aeroBalance":
		{
			"rideHeight": [ 2, 6, 11, 18 ],
			"rodLength": [ 60.988422393798828, 60.988422393798828, 43.700023651123047, 43.700023651123047 ],
			"splitter": 0,
			"rearWing": 6,
			"brakeDuct": [ 4, 4 ]
		},
		"drivetrain":
		{
			"preload": 0
		}
	},
	"trackBopType": 28
}