{
	"carName": "porsche_991ii_gt3_r",
	"basicSetup":
	{
		"tyres":
		{
			"tyreCompound": 0,
			"tyrePressure": [ 56, 64, 54, 61 ]
		},
		"alignment":
		{
			"camber": [ 2, 2, 0, 0 ],
			"toe": [ 30, 30, 30, 30 ],
			"staticCamber": [ -4.8556919097900391, -4.8521432876586914, -0.78434723615646362, -0.77870064973831177 ],
			"toeOutLinear": [ -4.6643119276268408e-05, -4.6619021304650232e-05, -0.0048111644573509693, -0.0048109879717230797 ],
			"casterLF": 11,
			"casterRF": 11,
			"steerRatio": 3
		},
		"electronics":
		{
			"tC1": 1,
			"tC2": 4,
			"abs": 1,
			"eCUMap": 7,
			"fuelMix": 0,
			"telemetryLaps": 99
		},
		"strategy":
		{
			"fuel": 0,
			"nPitStops": 0,
			"tyreSet": 13,
			"frontBrakePadCompound": 0,
			"rearBrakePadCompound": 0,
			"pitStrategy": [
				{
					"fuelToAdd": 0,
					"tyres":
					{
						"tyreCompound": 0,
						"tyrePressure": [ 51, 59, 45, 52 ]
					},
					"tyreSet": 2,
					"frontBrakePadCompound": 1,
					"rearBrakePadCompound": 1
				}
			],
			"fuelPerLap": 2.7311549186706543
		}
	},
	"advancedSetup":
	{
		"mechanicalBalance":
		{
			"aRBFront": 1,
			"aRBRear": 3,
			"wheelRate": [ 4, 4, 4, 4 ],
			"bumpStopRateUp": [ 6, 6, 2, 2 ],
			"bumpStopRateDn": [ 0, 0, 10, 10 ],
			"bumpStopWindow": [ 7, 7, 20, 20 ],
			"brakeTorque": 20,
			"brakeBias": 33
		},
		"dampers":
		{
			"bumpSlow": [ 9, 9, 3, 3 ],
			"bumpFast": [ 3, 3, 3, 3 ],
			"reboundSlow": [ 6, 6, 11, 11 ],
			"reboundFast": [ 6, 6, 6, 6 ]
		},
		"aeroBalance":
		{
			"rideHeight": [ 0, 11, 20, 18 ],
			"rodLength": [ 50.159988403320313, 50.159988403320313, -46.173377990722656, -46.173377990722656 ],
			"splitter": 0,
			"rearWing": 12,
			"brakeDuct": [ 2, 2 ]
		},
		"drivetrain":
		{
			"preload": 6
		}
	},
	"trackBopType": 28
}