{
	"carName": "mercedes_amg_gt3_evo",
	"basicSetup":
	{
		"tyres":
		{
			"tyreCompound": 0,
			"tyrePressure": [ 48, 64, 52, 63 ]
		},
		"alignment":
		{
			"camber": [ 2, 2, 0, 0 ],
			"toe": [ 0, 0, 0, 0 ],
			"staticCamber": [ -3.2223081588745117, -3.2126877307891846, -4.2707877159118652, -4.262662410736084 ],
			"toeOutLinear": [ 0.0003930713573936373, 0.00039310843567363918, -0.00067840045085176826, -0.00067812675843015313 ],
			"casterLF": 33,
			"casterRF": 33,
			"steerRatio": 3
		},
		"electronics":
		{
			"tC1": 6,
			"tC2": 0,
			"abs": 3,
			"eCUMap": 0,
			"fuelMix": 0,
			"telemetryLaps": 5
		},
		"strategy":
		{
			"fuel": 11,
			"nPitStops": 0,
			"tyreSet": 1,
			"frontBrakePadCompound": 0,
			"rearBrakePadCompound": 0,
			"pitStrategy": [
				{
					"fuelToAdd": 45,
					"tyres":
					{
						"tyreCompound": 0,
						"tyrePressure": [ 42, 63, 48, 58 ]
					},
					"tyreSet": 9,
					"frontBrakePadCompound": 0,
					"rearBrakePadCompound": 0
				}
			],
			"fuelPerLap": 2.3162765502929688
		}
	},
	"advancedSetup":
	{
		"mechanicalBalance":
		{
			"aRBFront": 3,
			"aRBRear": 4,
			"wheelRate": [ 2, 2, 4, 4 ],
			"bumpStopRateUp": [ 12, 12, 3, 3 ],
			"bumpStopRateDn": [ 0, 0, 10, 10 ],
			"bumpStopWindow": [ 2, 2, 50, 50 ],
			"brakeTorque": 20,
			"brakeBias": 45
		},
		"dampers":
		{
			"bumpSlow": [ 3, 3, 3, 3 ],
			"bumpFast": [ 3, 3, 5, 5 ],
			"reboundSlow": [ 7, 7, 5, 5 ],
			"reboundFast": [ 5, 5, 3, 3 ]
		},
		"aeroBalance":
		{
			"rideHeight": [ 0, 6, 9, 18 ],
			"rodLength": [ 6.3061275482177734, 6.3061275482177734, 68.129135131835938, 68.129135131835938 ],
			"splitter": 10,
			"rearWing": 10,
			"brakeDuct": [ 4, 2 ]
		},
		"drivetrain":
		{
			"preload": 4
		}
	},
	"trackBopType": 36
}