{
	"carName": "porsche_992_gt3_r",
	"basicSetup":
	{
		"tyres":
		{
			"tyreCompound": 0,
			"tyrePressure": [ 55, 57, 45, 46 ]
		},
		"alignment":
		{
			"camber": [ 0, 0, 5, 5 ],
			"toe": [ 20, 20, 40, 40 ],
			"staticCamber": [ -4.5805835723876953, -4.579413890838623, 1.2250685691833496, 1.2258344888687134 ],
			"toeOutLinear": [ 0.00041002695797942579, 0.00041002500802278519, -0.006793296430259943, -0.0067933080717921257 ],
			"casterLF": 18,
			"casterRF": 18,
			"steerRatio": 5
		},
		"electronics":
		{
			"tC1": 3,
			"tC2": 3,
			"abs": 4,
			"eCUMap": 7,
			"fuelMix": 0,
			"telemetryLaps": 99
		},
		"strategy":
		{
			"fuel": 13,
			"nPitStops": 0,
			"tyreSet": 1,
			"frontBrakePadCompound": 0,
			"rearBrakePadCompound": 0,
			"pitStrategy": [
				{
					"fuelToAdd": 0,
					"tyres":
					{
						"tyreCompound": 0,
						"tyrePressure": [ 56, 57, 50, 51 ]
					},
					"tyreSet": 2,
					"frontBrakePadCompound": 1,
					"rearBrakePadCompound": 1
				}
			],
			"fuelPerLap": 3.7585358619689941
		}
	},
	"advancedSetup":
	{
		"mechanicalBalance":
		{
			"aRBFront": 4,
			"aRBRear": 2,
			"wheelRate": [ 7, 7, 3, 3 ],
			"bumpStopRateUp": [ 4, 4, 2, 2 ],
			"bumpStopRateDn": [ 0, 0, 10, 10 ],
			"bumpStopWindow": [ 10, 10, 15, 15 ],
			"brakeTorque": 20,
			"brakeBias": 22
		},
		"dampers":
		{
			"bumpSlow": [ 8, 8, 10, 10 ],
			"bumpFast": [ 6, 6, 5, 5 ],
			"reboundSlow": [ 5, 5, 10, 10 ],
			"reboundFast": [ 7, 7, 8, 8 ]
		},
		"aeroBalance":
		{
			"rideHeight": [ 0, 11, 6, 18 ],
			"rodLength": [ 31.134841918945313, 31.134841918945313, -70.543998718261719, -70.543998718261719 ],
			"splitter": 0,
			"rearWing": 6,
			"brakeDuct": [ 3, 4 ]
		},
		"drivetrain":
		{
			"preload": 13
		}
	},
	"trackBopType": 33
}