{
	"carName": "porsche_991ii_gt3_r",
	"basicSetup":
	{
		"tyres":
		{
			"tyreCompound": 1,
			"tyrePressure": [ 79, 83, 76, 79 ]
		},
		"alignment":
		{
			"camber": [ 15, 15, 15, 15 ],
			"toe": [ 30, 30, 30, 30 ],
			"staticCamber": [ -3.6122751235961914, -3.610410213470459, 1.0102803707122803, 1.0125799179077148 ],
			"toeOutLinear": [ -1.6317902918672189e-05, -1.6300817151204683e-05, -0.0048965667374432087, -0.004896518774330616 ],
			"casterLF": 18,
			"casterRF": 18,
			"steerRatio": 3
		},
		"electronics":
		{
			"tC1": 6,
			"tC2": 3,
			"abs": 4,
			"eCUMap": 7,
			"fuelMix": 0,
			"telemetryLaps": 99
		},
		"strategy":
		{
			"fuel": 105,
			"nPitStops": 0,
			"tyreSet": 0,
			"frontBrakePadCompound": 0,
			"rearBrakePadCompound": 0,
			"pitStrategy": [
				{
					"fuelToAdd": 0,
					"tyres":
					{
						"tyreCompound": 0,
						"tyrePressure": [ 57, 63, 53, 57 ]
					},
					"tyreSet": 2,
					"frontBrakePadCompound": 1,
					"rearBrakePadCompound": 1
				}
			],
			"fuelPerLap": 3.274200439453125
		}
	},
	"advancedSetup":
	{
		"mechanicalBalance":
		{
			"aRBFront": 2,
			"aRBRear": 4,
			"wheelRate": [ 6, 6, 2, 2 ],
			"bumpStopRateUp": [ 12, 12, 12, 12 ],
			"bumpStopRateDn": [ 0, 0, 10, 10 ],
			"bumpStopWindow": [ 15, 15, 15, 15 ],
			"brakeTorque": 20,
			"brakeBias": 20
		},
		"dampers":
		{
			"bumpSlow": [ 9, 9, 9, 9 ],
			"bumpFast": [ 1, 1, 1, 1 ],
			"reboundSlow": [ 6, 6, 7, 7 ],
			"reboundFast": [ 3, 3, 2, 2 ]
		},
		"aeroBalance":
		{
			"rideHeight": [ 0, 11, 14, 18 ],
			"rodLength": [ 52.761531829833984, 52.761531829833984, -49.847610473632813, -49.847610473632813 ],
			"splitter": 0,
			"rearWing": 10,
			"brakeDuct": [ 4, 3 ]
		},
		"drivetrain":
		{
			"preload": 7
		}
	},
	"trackBopType": 32
}