{
	"carName": "alpine_a110_gt4",
	"basicSetup":
	{
		"tyres":
		{
			"tyreCompound": 0,
			"tyrePressure": [ 50, 58, 41, 50 ]
		},
		"alignment":
		{
			"camber": [ 0, 0, 0, 0 ],
			"toe": [ 0, 0, 10, 10 ],
			"staticCamber": [ -4.4964079856872559, -4.4893569946289063, -2.3232343196868896, -2.315814733505249 ],
			"toeOutLinear": [ 0.00048413686454296112, 0.0004841294139623642, 0.0009557614685036242, 0.00095576670719310641 ],
			"casterLF": 34,
			"casterRF": 34,
			"steerRatio": 4
		},
		"electronics":
		{
			"tC1": 1,
			"tC2": 0,
			"abs": 4,
			"eCUMap": 0,
			"fuelMix": 0,
			"telemetryLaps": 0
		},
		"strategy":
		{
			"fuel": 41,
			"nPitStops": 0,
			"tyreSet": 5,
			"frontBrakePadCompound": 0,
			"rearBrakePadCompound": 0,
			"pitStrategy": [
				{
					"fuelToAdd": 0,
					"tyres":
					{
						"tyreCompound": 0,
						"tyrePressure": [ 46, 56, 44, 53 ]
					},
					"tyreSet": 2,
					"frontBrakePadCompound": 0,
					"rearBrakePadCompound": 0
				}
			],
			"fuelPerLap": 2.6152763366699219
		}
	},
	"advancedSetup":
	{
		"mechanicalBalance":
		{
			"aRBFront": 2,
			"aRBRear": 2,
			"wheelRate": [ 0, 0, 1, 1 ],
			"bumpStopRateUp": [ 0, 0, 2, 2 ],
			"bumpStopRateDn": [ 0, 0, 10, 10 ],
			"bumpStopWindow": [ 0, 0, 0, 0 ],
			"brakeTorque": 20,
			"brakeBias": 30
		},
		"dampers":
		{
			"bumpSlow": [ 12, 12, 13, 13 ],
			"bumpFast": [ 0, 0, 0, 0 ],
			"reboundSlow": [ 12, 12, 10, 10 ],
			"reboundFast": [ 0, 0, 0, 0 ]
		},
		"aeroBalance":
		{
			"rideHeight": [ 0, 6, 18, 18 ],
			"rodLength": [ 4.3084335327148438, 4.3084335327148438, -71.650833129882813, -71.650833129882813 ],
			"splitter": 0,
			"rearWing": 4,
			"brakeDuct": [ 2, 3 ]
		},
		"drivetrain":
		{
			"preload": 5
		}
	},
	"trackBopType": 8
}