{
	"carName": "porsche_992_gt3_r",
	"basicSetup":
	{
		"tyres":
		{
			"tyreCompound": 0,
			"tyrePressure": [ 54, 50, 50, 45 ]
		},
		"alignment":
		{
			"camber": [ 0, 0, 5, 5 ],
			"toe": [ 20, 20, 20, 20 ],
			"staticCamber": [ -4.5790305137634277, -4.5814003944396973, 1.1519615650177002, 1.1481605768203735 ],
			"toeOutLinear": [ 0.00040997093310579658, 0.0004099760262761265, -0.0059305750764906406, -0.0059305978938937187 ],
			"casterLF": 18,
			"casterRF": 18,
			"steerRatio": 4
		},
		"electronics":
		{
			"tC1": 3,
			"tC2": 0,
			"abs": 3,
			"eCUMap": 7,
			"fuelMix": 0,
			"telemetryLaps": 99
		},
		"strategy":
		{
			"fuel": 13,
			"nPitStops": 0,
			"tyreSet": 4,
			"frontBrakePadCompound": 0,
			"rearBrakePadCompound": 0,
			"pitStrategy": [
				{
					"fuelToAdd": 0,
					"tyres":
					{
						"tyreCompound": 0,
						"tyrePressure": [ 56, 57, 50, 51 ]
					},
					"tyreSet": 2,
					"frontBrakePadCompound": 1,
					"rearBrakePadCompound": 1
				}
			],
			"fuelPerLap": 3.4155988693237305
		}
	},
	"advancedSetup":
	{
		"mechanicalBalance":
		{
			"aRBFront": 3,
			"aRBRear": 2,
			"wheelRate": [ 3, 3, 3, 3 ],
			"bumpStopRateUp": [ 9, 9, 2, 2 ],
			"bumpStopRateDn": [ 0, 0, 10, 10 ],
			"bumpStopWindow": [ 10, 10, 20, 20 ],
			"brakeTorque": 20,
			"brakeBias": 22
		},
		"dampers":
		{
			"bumpSlow": [ 9, 9, 5, 5 ],
			"bumpFast": [ 6, 6, 5, 5 ],
			"reboundSlow": [ 6, 6, 5, 5 ],
			"reboundFast": [ 7, 7, 8, 8 ]
		},
		"aeroBalance":
		{
			"rideHeight": [ 0, 11, 7, 18 ],
			"rodLength": [ 34.509590148925781, 34.509590148925781, -69.612960815429688, -69.612960815429688 ],
			"splitter": 0,
			"rearWing": 8,
			"brakeDuct": [ 2, 4 ]
		},
		"drivetrain":
		{
			"preload": 7
		}
	},
	"trackBopType": 39
}