{
	"carName": "mercedes_amg_gt3_evo",
	"basicSetup":
	{
		"tyres":
		{
			"tyreCompound": 0,
			"tyrePressure": [ 46, 56, 49, 56 ]
		},
		"alignment":
		{
			"camber": [ 3, 3, 0, 0 ],
			"toe": [ 30, 30, 50, 50 ],
			"staticCamber": [ -3.0849208831787109, -3.0761291980743408, -4.1953601837158203, -4.1890163421630859 ],
			"toeOutLinear": [ -0.00027955239056609571, -0.00027952867094427347, 0.00021754442423116416, 0.00021799004753120244 ],
			"casterLF": 34,
			"casterRF": 34,
			"steerRatio": 3
		},
		"electronics":
		{
			"tC1": 6,
			"tC2": 0,
			"abs": 3,
			"eCUMap": 0,
			"fuelMix": 0,
			"telemetryLaps": 5
		},
		"strategy":
		{
			"fuel": 68,
			"nPitStops": 0,
			"tyreSet": 0,
			"frontBrakePadCompound": 1,
			"rearBrakePadCompound": 1,
			"pitStrategy": [
				{
					"fuelToAdd": 30,
					"tyres":
					{
						"tyreCompound": 0,
						"tyrePressure": [ 46, 56, 46, 54 ]
					},
					"tyreSet": 2,
					"frontBrakePadCompound": 0,
					"rearBrakePadCompound": 0
				}
			],
			"fuelPerLap": 2.6400001049041748
		}
	},
	"advancedSetup":
	{
		"mechanicalBalance":
		{
			"aRBFront": 3,
			"aRBRear": 4,
			"wheelRate": [ 3, 3, 5, 5 ],
			"bumpStopRateUp": [ 11, 11, 3, 3 ],
			"bumpStopRateDn": [ 0, 0, 10, 10 ],
			"bumpStopWindow": [ 2, 2, 50, 50 ],
			"brakeTorque": 20,
			"brakeBias": 40
		},
		"dampers":
		{
			"bumpSlow": [ 3, 3, 4, 4 ],
			"bumpFast": [ 3, 3, 3, 3 ],
			"reboundSlow": [ 6, 6, 7, 7 ],
			"reboundFast": [ 4, 4, 4, 4 ]
		},
		"aeroBalance":
		{
			"rideHeight": [ 0, 6, 10, 18 ],
			"rodLength": [ 5.1573009490966797, 5.1573009490966797, 69.195884704589844, 69.195884704589844 ],
			"splitter": 10,
			"rearWing": 10,
			"brakeDuct": [ 4, 3 ]
		},
		"drivetrain":
		{
			"preload": 1
		}
	},
	"trackBopType": 28
}