{
	"carName": "ferrari_488_gt3_evo",
	"basicSetup":
	{
		"tyres":
		{
			"tyreCompound": 0,
			"tyrePressure": [ 64, 58, 63, 58 ]
		},
		"alignment":
		{
			"camber": [ 12, 12, 13, 13 ],
			"toe": [ 32, 32, 50, 50 ],
			"staticCamber": [ -2.8540647029876709, -2.8565208911895752, -2.6284573078155518, -2.6339020729064941 ],
			"toeOutLinear": [ 0.00092977040912955999, 0.00092977110762149096, -0.00039621227188035846, -0.00039617155562154949 ],
			"casterLF": 46,
			"casterRF": 46,
			"steerRatio": 4
		},
		"electronics":
		{
			"tC1": 5,
			"tC2": 5,
			"abs": 5,
			"eCUMap": 0,
			"fuelMix": 0,
			"telemetryLaps": 99
		},
		"strategy":
		{
			"fuel": 17,
			"nPitStops": 0,
			"tyreSet": 7,
			"frontBrakePadCompound": 0,
			"rearBrakePadCompound": 0,
			"pitStrategy": [
				{
					"fuelToAdd": 0,
					"tyres":
					{
						"tyreCompound": 0,
						"tyrePressure": [ 51, 54, 49, 51 ]
					},
					"tyreSet": 2,
					"frontBrakePadCompound": 1,
					"rearBrakePadCompound": 1
				}
			],
			"fuelPerLap": 3.7198843955993652
		}
	},
	"advancedSetup":
	{
		"mechanicalBalance":
		{
			"aRBFront": 27,
			"aRBRear": 2,
			"wheelRate": [ 8, 8, 3, 3 ],
			"bumpStopRateUp": [ 9, 9, 2, 2 ],
			"bumpStopRateDn": [ 0, 0, 10, 10 ],
			"bumpStopWindow": [ 2, 2, 50, 50 ],
			"brakeTorque": 20,
			"brakeBias": 42
		},
		"dampers":
		{
			"bumpSlow": [ 8, 8, 3, 3 ],
			"bumpFast": [ 2, 2, 3, 3 ],
			"reboundSlow": [ 8, 8, 6, 6 ],
			"reboundFast": [ 4, 4, 6, 6 ]
		},
		"aeroBalance":
		{
			"rideHeight": [ 0, 6, 7, 18 ],
			"rodLength": [ -36.297706604003906, -36.297706604003906, -20.378383636474609, -20.378383636474609 ],
			"splitter": 0,
			"rearWing": 10,
			"brakeDuct": [ 2, 2 ]
		},
		"drivetrain":
		{
			"preload": 10
		}
	},
	"trackBopType": 12
}