{
	"carName": "lamborghini_huracan_gt3_evo",
	"basicSetup":
	{
		"tyres":
		{
			"tyreCompound": 0,
			"tyrePressure": [ 56, 67, 51, 58 ]
		},
		"alignment":
		{
			"camber": [ 10, 10, 15, 15 ],
			"toe": [ 30, 30, 30, 30 ],
			"staticCamber": [ -3.8631026744842529, -3.8578102588653564, -2.9833793640136719, -2.977996826171875 ],
			"toeOutLinear": [ 0.0008903415291570127, 0.0008903324487619102, -0.00021768183796666563, -0.00021768538863398135 ],
			"casterLF": 14,
			"casterRF": 14,
			"steerRatio": 1
		},
		"electronics":
		{
			"tC1": 2,
			"tC2": 0,
			"abs": 3,
			"eCUMap": 0,
			"fuelMix": 0,
			"telemetryLaps": 5
		},
		"strategy":
		{
			"fuel": 39,
			"nPitStops": 0,
			"tyreSet": 5,
			"frontBrakePadCompound": 0,
			"rearBrakePadCompound": 0,
			"pitStrategy": [
				{
					"fuelToAdd": 0,
					"tyres":
					{
						"tyreCompound": 0,
						"tyrePressure": [ 50, 55, 47, 52 ]
					},
					"tyreSet": 2,
					"frontBrakePadCompound": 1,
					"rearBrakePadCompound": 1
				}
			],
			"fuelPerLap": 2.75
		}
	},
	"advancedSetup":
	{
		"mechanicalBalance":
		{
			"aRBFront": 5,
			"aRBRear": 3,
			"wheelRate": [ 3, 3, 3, 3 ],
			"bumpStopRateUp": [ 6, 6, 7, 7 ],
			"bumpStopRateDn": [ 0, 0, 10, 10 ],
			"bumpStopWindow": [ 5, 5, 30, 30 ],
			"brakeTorque": 20,
			"brakeBias": 41
		},
		"dampers":
		{
			"bumpSlow": [ 16, 16, 8, 8 ],
			"bumpFast": [ 20, 20, 14, 14 ],
			"reboundSlow": [ 18, 18, 25, 25 ],
			"reboundFast": [ 21, 21, 20, 20 ]
		},
		"aeroBalance":
		{
			"rideHeight": [ 0, 6, 12, 18 ],
			"rodLength": [ -13.171260833740234, -13.171260833740234, 6.0432476997375488, 6.0432476997375488 ],
			"splitter": 0,
			"rearWing": 12,
			"brakeDuct": [ 3, 3 ]
		},
		"drivetrain":
		{
			"preload": 4
		}
	},
	"trackBopType": 22
}