{
	"carName": "lamborghini_huracan_gt3_evo",
	"basicSetup":
	{
		"tyres":
		{
			"tyreCompound": 0,
			"tyrePressure": [ 56, 67, 51, 58 ]
		},
		"alignment":
		{
			"camber": [ 5, 5, 11, 11 ],
			"toe": [ 30, 30, 50, 50 ],
			"staticCamber": [ -4.3768529891967773, -4.3715996742248535, -3.1774582862854004, -3.1721687316894531 ],
			"toeOutLinear": [ 0.000851370336022228, 0.00085119582945480943, 0.00022493496362585574, 0.00022492787684313953 ],
			"casterLF": 14,
			"casterRF": 14,
			"steerRatio": 1
		},
		"electronics":
		{
			"tC1": 2,
			"tC2": 0,
			"abs": 3,
			"eCUMap": 0,
			"fuelMix": 0,
			"telemetryLaps": 5
		},
		"strategy":
		{
			"fuel": 10,
			"nPitStops": 0,
			"tyreSet": 6,
			"frontBrakePadCompound": 0,
			"rearBrakePadCompound": 0,
			"pitStrategy": [
				{
					"fuelToAdd": 0,
					"tyres":
					{
						"tyreCompound": 0,
						"tyrePressure": [ 50, 55, 47, 52 ]
					},
					"tyreSet": 2,
					"frontBrakePadCompound": 1,
					"rearBrakePadCompound": 1
				}
			],
			"fuelPerLap": 2.8975741863250732
		}
	},
	"advancedSetup":
	{
		"mechanicalBalance":
		{
			"aRBFront": 3,
			"aRBRear": 10,
			"wheelRate": [ 3, 3, 3, 3 ],
			"bumpStopRateUp": [ 6, 6, 7, 7 ],
			"bumpStopRateDn": [ 0, 0, 10, 10 ],
			"bumpStopWindow": [ 2, 2, 30, 30 ],
			"brakeTorque": 20,
			"brakeBias": 41
		},
		"dampers":
		{
			"bumpSlow": [ 6, 6, 4, 4 ],
			"bumpFast": [ 10, 10, 10, 10 ],
			"reboundSlow": [ 8, 8, 25, 25 ],
			"reboundFast": [ 11, 11, 20, 20 ]
		},
		"aeroBalance":
		{
			"rideHeight": [ 1, 6, 9, 18 ],
			"rodLength": [ -12.130197525024414, -12.130197525024414, 2.6256542205810547, 2.6256542205810547 ],
			"splitter": 0,
			"rearWing": 12,
			"brakeDuct": [ 3, 3 ]
		},
		"drivetrain":
		{
			"preload": 6
		}
	},
	"trackBopType": 22
}