{
	"carName": "mclaren_720s_gt3",
	"basicSetup":
	{
		"tyres":
		{
			"tyreCompound": 0,
			"tyrePressure": [ 52, 66, 52, 63 ]
		},
		"alignment":
		{
			"camber": [ 0, 0, 0, 0 ],
			"toe": [ 38, 38, 30, 30 ],
			"staticCamber": [ -4.6140122413635254, -4.6024556159973145, -4.6141023635864258, -4.6022677421569824 ],
			"toeOutLinear": [ 0.0016097335610538721, 0.001609896426089108, 0.00067329144803807139, 0.00067329755984246731 ],
			"casterLF": 11,
			"casterRF": 11,
			"steerRatio": 1
		},
		"electronics":
		{
			"tC1": 1,
			"tC2": 6,
			"abs": 3,
			"eCUMap": 0,
			"fuelMix": 0,
			"telemetryLaps": 99
		},
		"strategy":
		{
			"fuel": 13,
			"nPitStops": 0,
			"tyreSet": 1,
			"frontBrakePadCompound": 0,
			"rearBrakePadCompound": 0,
			"pitStrategy": [
				{
					"fuelToAdd": 0,
					"tyres":
					{
						"tyreCompound": 0,
						"tyrePressure": [ 47, 60, 47, 59 ]
					},
					"tyreSet": 2,
					"frontBrakePadCompound": 1,
					"rearBrakePadCompound": 1
				}
			],
			"fuelPerLap": 2.4649591445922852
		}
	},
	"advancedSetup":
	{
		"mechanicalBalance":
		{
			"aRBFront": 9,
			"aRBRear": 6,
			"wheelRate": [ 4, 4, 3, 3 ],
			"bumpStopRateUp": [ 7, 7, 2, 2 ],
			"bumpStopRateDn": [ 0, 0, 10, 10 ],
			"bumpStopWindow": [ 1, 1, 50, 50 ],
			"brakeTorque": 20,
			"brakeBias": 25
		},
		"dampers":
		{
			"bumpSlow": [ 26, 26, 20, 20 ],
			"bumpFast": [ 31, 31, 23, 23 ],
			"reboundSlow": [ 14, 14, 22, 22 ],
			"reboundFast": [ 18, 18, 23, 23 ]
		},
		"aeroBalance":
		{
			"rideHeight": [ 3, 6, 16, 18 ],
			"rodLength": [ 58.866001129150391, 58.866001129150391, 46.509025573730469, 46.509025573730469 ],
			"splitter": 0,
			"rearWing": 7,
			"brakeDuct": [ 2, 2 ]
		},
		"drivetrain":
		{
			"preload": 2
		}
	},
	"trackBopType": 28
}