{
	"carName": "honda_nsx_gt3_evo",
	"basicSetup":
	{
		"tyres":
		{
			"tyreCompound": 0,
			"tyrePressure": [ 62, 61, 59, 57 ]
		},
		"alignment":
		{
			"camber": [ 0, 0, 0, 0 ],
			"toe": [ 0, 0, 0, 0 ],
			"staticCamber": [ -3.2109532356262207, -3.2113986015319824, -3.4910562038421631, -3.4926252365112305 ],
			"toeOutLinear": [ 0.0014360769418999553, 0.001436081831343472, -0.0011941021075472236, -0.0011940981494262815 ],
			"casterLF": 7,
			"casterRF": 7,
			"steerRatio": 4
		},
		"electronics":
		{
			"tC1": 1,
			"tC2": 11,
			"abs": 3,
			"eCUMap": 3,
			"fuelMix": 0,
			"telemetryLaps": 7
		},
		"strategy":
		{
			"fuel": 12,
			"nPitStops": 0,
			"tyreSet": 13,
			"frontBrakePadCompound": 0,
			"rearBrakePadCompound": 0,
			"pitStrategy": [
				{
					"fuelToAdd": 0,
					"tyres":
					{
						"tyreCompound": 0,
						"tyrePressure": [ 53, 51, 56, 52 ]
					},
					"tyreSet": 2,
					"frontBrakePadCompound": 1,
					"rearBrakePadCompound": 1
				}
			],
			"fuelPerLap": 2.6851024627685547
		}
	},
	"advancedSetup":
	{
		"mechanicalBalance":
		{
			"aRBFront": 4,
			"aRBRear": 4,
			"wheelRate": [ 7, 7, 10, 10 ],
			"bumpStopRateUp": [ 4, 4, 4, 4 ],
			"bumpStopRateDn": [ 0, 0, 10, 10 ],
			"bumpStopWindow": [ 10, 10, 0, 0 ],
			"brakeTorque": 20,
			"brakeBias": 20
		},
		"dampers":
		{
			"bumpSlow": [ 15, 15, 15, 15 ],
			"bumpFast": [ 12, 12, 11, 11 ],
			"reboundSlow": [ 15, 15, 15, 15 ],
			"reboundFast": [ 12, 12, 11, 11 ]
		},
		"aeroBalance":
		{
			"rideHeight": [ 0, 6, 24, 18 ],
			"rodLength": [ -11.176899909973145, -11.176899909973145, 9.561091423034668, 9.561091423034668 ],
			"splitter": 0,
			"rearWing": 11,
			"brakeDuct": [ 4, 4 ]
		},
		"drivetrain":
		{
			"preload": 0
		}
	},
	"trackBopType": 44
}