{
	"carName": "porsche_718_cayman_gt4_mr",
	"basicSetup":
	{
		"tyres":
		{
			"tyreCompound": 0,
			"tyrePressure": [ 53, 48, 50, 46 ]
		},
		"alignment":
		{
			"camber": [ 5, 5, 13, 13 ],
			"toe": [ 25, 25, 55, 55 ],
			"staticCamber": [ -4.9924349784851074, -4.9871954917907715, -4.2763447761535645, -4.2778677940368652 ],
			"toeOutLinear": [ 0.0007470854907296598, 0.00072048750007525086, 0.00050138123333454132, 0.00050340802408754826 ],
			"casterLF": 15,
			"casterRF": 15,
			"steerRatio": 3
		},
		"electronics":
		{
			"tC1": 2,
			"tC2": 0,
			"abs": 3,
			"eCUMap": 0,
			"fuelMix": 0,
			"telemetryLaps": 99
		},
		"strategy":
		{
			"fuel": 15,
			"nPitStops": 0,
			"tyreSet": 2,
			"frontBrakePadCompound": 1,
			"rearBrakePadCompound": 1,
			"pitStrategy": [
				{
					"fuelToAdd": 0,
					"tyres":
					{
						"tyreCompound": 0,
						"tyrePressure": [ 42, 42, 36, 36 ]
					},
					"tyreSet": 2,
					"frontBrakePadCompound": 1,
					"rearBrakePadCompound": 1
				}
			],
			"fuelPerLap": 2.7319135665893555
		}
	},
	"advancedSetup":
	{
		"mechanicalBalance":
		{
			"aRBFront": 3,
			"aRBRear": 2,
			"wheelRate": [ 0, 0, 3, 3 ],
			"bumpStopRateUp": [ 0, 0, 0, 0 ],
			"bumpStopRateDn": [ 0, 0, 10, 10 ],
			"bumpStopWindow": [ 0, 0, 0, 0 ],
			"brakeTorque": 20,
			"brakeBias": 20
		},
		"dampers":
		{
			"bumpSlow": [ 6, 6, 7, 7 ],
			"bumpFast": [ 4, 4, 5, 5 ],
			"reboundSlow": [ 8, 8, 8, 8 ],
			"reboundFast": [ 0, 0, 0, 0 ]
		},
		"aeroBalance":
		{
			"rideHeight": [ 0, 11, 26, 18 ],
			"rodLength": [ 45.249462127685547, 45.249462127685547, 38.852333068847656, 38.852333068847656 ],
			"splitter": 0,
			"rearWing": 1,
			"brakeDuct": [ 1, 1 ]
		},
		"drivetrain":
		{
			"preload": 4
		}
	},
	"trackBopType": 12
}