{
	"carName": "ferrari_488_gt3",
	"basicSetup":
	{
		"tyres":
		{
			"tyreCompound": 0,
			"tyrePressure": [ 58, 67, 52, 51 ]
		},
		"alignment":
		{
			"camber": [ 6, 6, 15, 15 ],
			"toe": [ 32, 32, 50, 50 ],
			"staticCamber": [ -3.1749401092529297, -3.1426184177398682, -2.358351469039917, -2.3481926918029785 ],
			"toeOutLinear": [ -0.0023525867145508528, -0.0023547711316496134, -6.3975858211051673e-05, -6.5668566094245762e-05 ],
			"casterLF": 46,
			"casterRF": 46,
			"steerRatio": 4
		},
		"electronics":
		{
			"tC1": 2,
			"tC2": 1,
			"abs": 2,
			"eCUMap": 0,
			"fuelMix": 0,
			"telemetryLaps": 0
		},
		"strategy":
		{
			"fuel": 0,
			"nPitStops": 0,
			"tyreSet": 2,
			"frontBrakePadCompound": 0,
			"rearBrakePadCompound": 0,
			"pitStrategy": [
				{
					"fuelToAdd": 0,
					"tyres":
					{
						"tyreCompound": 0,
						"tyrePressure": [ 54, 54, 48, 48 ]
					},
					"tyreSet": 2,
					"frontBrakePadCompound": 1,
					"rearBrakePadCompound": 1
				}
			],
			"fuelPerLap": 2.6099998950958252
		}
	},
	"advancedSetup":
	{
		"mechanicalBalance":
		{
			"aRBFront": 22,
			"aRBRear": 12,
			"wheelRate": [ 8, 8, 7, 7 ],
			"bumpStopRateUp": [ 4, 4, 2, 2 ],
			"bumpStopRateDn": [ 0, 0, 10, 10 ],
			"bumpStopWindow": [ 2, 2, 50, 50 ],
			"brakeTorque": 20,
			"brakeBias": 47
		},
		"dampers":
		{
			"bumpSlow": [ 6, 6, 8, 8 ],
			"bumpFast": [ 2, 2, 3, 3 ],
			"reboundSlow": [ 9, 9, 10, 10 ],
			"reboundFast": [ 5, 5, 4, 4 ]
		},
		"aeroBalance":
		{
			"rideHeight": [ 0, 6, 4, 18 ],
			"rodLength": [ -33.885688781738281, -33.885688781738281, -27.976394653320313, -27.976394653320313 ],
			"splitter": 0,
			"rearWing": 9,
			"brakeDuct": [ 3, 2 ]
		},
		"drivetrain":
		{
			"preload": 13
		}
	}
}