{
	"carName": "ferrari_488_gt3",
	"basicSetup":
	{
		"tyres":
		{
			"tyreCompound": 0,
			"tyrePressure": [ 51, 66, 53, 63 ]
		},
		"alignment":
		{
			"camber": [ 12, 12, 13, 13 ],
			"toe": [ 35, 35, 50, 50 ],
			"staticCamber": [ -2.5073039531707764, -2.4987523555755615, -2.5540904998779297, -2.5455553531646729 ],
			"toeOutLinear": [ -0.0025199588853865862, -0.00251970742829144, -6.4898267737589777e-05, -6.4764994021970779e-05 ],
			"casterLF": 46,
			"casterRF": 46,
			"steerRatio": 4
		},
		"electronics":
		{
			"tC1": 3,
			"tC2": 3,
			"abs": 4,
			"eCUMap": 0,
			"fuelMix": 0,
			"telemetryLaps": 0
		},
		"strategy":
		{
			"fuel": 13,
			"nPitStops": 0,
			"tyreSet": 3,
			"frontBrakePadCompound": 0,
			"rearBrakePadCompound": 0,
			"pitStrategy": [
				{
					"fuelToAdd": 0,
					"tyres":
					{
						"tyreCompound": 0,
						"tyrePressure": [ 47, 61, 45, 56 ]
					},
					"tyreSet": 2,
					"frontBrakePadCompound": 1,
					"rearBrakePadCompound": 1
				}
			],
			"fuelPerLap": 2.3031051158905029
		}
	},
	"advancedSetup":
	{
		"mechanicalBalance":
		{
			"aRBFront": 25,
			"aRBRear": 12,
			"wheelRate": [ 10, 10, 3, 3 ],
			"bumpStopRateUp": [ 7, 7, 2, 2 ],
			"bumpStopRateDn": [ 0, 0, 10, 10 ],
			"bumpStopWindow": [ 0, 0, 50, 50 ],
			"brakeTorque": 20,
			"brakeBias": 53
		},
		"dampers":
		{
			"bumpSlow": [ 5, 5, 4, 4 ],
			"bumpFast": [ 2, 2, 3, 3 ],
			"reboundSlow": [ 7, 7, 5, 5 ],
			"reboundFast": [ 4, 4, 4, 4 ]
		},
		"aeroBalance":
		{
			"rideHeight": [ 0, 6, 4, 18 ],
			"rodLength": [ -38.061122894287109, -38.061122894287109, -22.675308227539063, -22.675308227539063 ],
			"splitter": 0,
			"rearWing": 12,
			"brakeDuct": [ 4, 3 ]
		},
		"drivetrain":
		{
			"preload": 2
		}
	}
}