{
	"carName": "ferrari_488_gt3_evo",
	"basicSetup":
	{
		"tyres":
		{
			"tyreCompound": 0,
			"tyrePressure": [ 64, 64, 66, 65 ]
		},
		"alignment":
		{
			"camber": [ 12, 12, 13, 13 ],
			"toe": [ 28, 28, 65, 65 ],
			"staticCamber": [ -2.8668434619903564, -2.8665580749511719, -2.5463693141937256, -2.548405647277832 ],
			"toeOutLinear": [ 0.0010630822507664561, 0.0010630813194438815, -8.7000444182194769e-05, -8.8277032773476094e-05 ],
			"casterLF": 46,
			"casterRF": 46,
			"steerRatio": 4
		},
		"electronics":
		{
			"tC1": 5,
			"tC2": 5,
			"abs": 3,
			"eCUMap": 0,
			"fuelMix": 0,
			"telemetryLaps": 10
		},
		"strategy":
		{
			"fuel": 18,
			"nPitStops": 0,
			"tyreSet": 1,
			"frontBrakePadCompound": 0,
			"rearBrakePadCompound": 0,
			"pitStrategy": [
				{
					"fuelToAdd": 0,
					"tyres":
					{
						"tyreCompound": 0,
						"tyrePressure": [ 53, 52, 52, 51 ]
					},
					"tyreSet": 2,
					"frontBrakePadCompound": 1,
					"rearBrakePadCompound": 1
				}
			],
			"fuelPerLap": 3.2427835464477539
		}
	},
	"advancedSetup":
	{
		"mechanicalBalance":
		{
			"aRBFront": 30,
			"aRBRear": 20,
			"wheelRate": [ 8, 8, 6, 6 ],
			"bumpStopRateUp": [ 9, 9, 2, 2 ],
			"bumpStopRateDn": [ 0, 0, 10, 10 ],
			"bumpStopWindow": [ 3, 3, 40, 40 ],
			"brakeTorque": 20,
			"brakeBias": 42
		},
		"dampers":
		{
			"bumpSlow": [ 5, 5, 4, 4 ],
			"bumpFast": [ 7, 7, 6, 6 ],
			"reboundSlow": [ 5, 5, 6, 6 ],
			"reboundFast": [ 9, 9, 9, 9 ]
		},
		"aeroBalance":
		{
			"rideHeight": [ 0, 6, 3, 18 ],
			"rodLength": [ -35.818458557128906, -35.818458557128906, -27.504182815551758, -27.504182815551758 ],
			"splitter": 0,
			"rearWing": 12,
			"brakeDuct": [ 2, 2 ]
		},
		"drivetrain":
		{
			"preload": 6
		}
	},
	"trackBopType": 14
}