{
	"carName": "ferrari_488_gt3_evo",
	"basicSetup":
	{
		"tyres":
		{
			"tyreCompound": 0,
			"tyrePressure": [ 59, 60, 56, 58 ]
		},
		"alignment":
		{
			"camber": [ 10, 10, 11, 11 ],
			"toe": [ 29, 29, 40, 40 ],
			"staticCamber": [ -3.1108222007751465, -3.1110599040985107, -2.756321907043457, -2.7544903755187988 ],
			"toeOutLinear": [ 0.0010177817894145846, 0.0010180040262639523, -0.00063721172045916319, -0.00063683040207251906 ],
			"casterLF": 46,
			"casterRF": 46,
			"steerRatio": 4
		},
		"electronics":
		{
			"tC1": 5,
			"tC2": 5,
			"abs": 2,
			"eCUMap": 0,
			"fuelMix": 0,
			"telemetryLaps": 10
		},
		"strategy":
		{
			"fuel": 0,
			"nPitStops": 0,
			"tyreSet": 9,
			"frontBrakePadCompound": 0,
			"rearBrakePadCompound": 0,
			"pitStrategy": [
				{
					"fuelToAdd": 0,
					"tyres":
					{
						"tyreCompound": 0,
						"tyrePressure": [ 56, 56, 53, 53 ]
					},
					"tyreSet": 2,
					"frontBrakePadCompound": 1,
					"rearBrakePadCompound": 1
				}
			],
			"fuelPerLap": 3.25
		}
	},
	"advancedSetup":
	{
		"mechanicalBalance":
		{
			"aRBFront": 7,
			"aRBRear": 10,
			"wheelRate": [ 7, 7, 7, 7 ],
			"bumpStopRateUp": [ 6, 6, 2, 2 ],
			"bumpStopRateDn": [ 0, 0, 10, 10 ],
			"bumpStopWindow": [ 4, 4, 40, 40 ],
			"brakeTorque": 20,
			"brakeBias": 45
		},
		"dampers":
		{
			"bumpSlow": [ 8, 8, 8, 8 ],
			"bumpFast": [ 2, 2, 2, 2 ],
			"reboundSlow": [ 9, 9, 9, 9 ],
			"reboundFast": [ 4, 4, 4, 4 ]
		},
		"aeroBalance":
		{
			"rideHeight": [ 2, 6, 5, 18 ],
			"rodLength": [ -33.034450531005859, -33.034450531005859, -26.507038116455078, -26.507038116455078 ],
			"splitter": 0,
			"rearWing": 14,
			"brakeDuct": [ 3, 1 ]
		},
		"drivetrain":
		{
			"preload": 8
		}
	},
	"trackBopType": 14
}