{
	"carName": "honda_nsx_gt3_evo",
	"basicSetup":
	{
		"tyres":
		{
			"tyreCompound": 0,
			"tyrePressure": [ 66, 58, 62, 58 ]
		},
		"alignment":
		{
			"camber": [ 0, 0, 2, 2 ],
			"toe": [ 30, 30, 45, 45 ],
			"staticCamber": [ -3.2445774078369141, -3.2481541633605957, -2.9349408149719238, -2.9383893013000488 ],
			"toeOutLinear": [ 0.00067555939313024282, 0.0006755553768016398, 0.00065206002909690142, 0.0006520785391330719 ],
			"casterLF": 4,
			"casterRF": 4,
			"steerRatio": 3
		},
		"electronics":
		{
			"tC1": 6,
			"tC2": 6,
			"abs": 1,
			"eCUMap": 0,
			"fuelMix": 0,
			"telemetryLaps": 99
		},
		"strategy":
		{
			"fuel": 13,
			"nPitStops": 0,
			"tyreSet": 1,
			"frontBrakePadCompound": 0,
			"rearBrakePadCompound": 0,
			"pitStrategy": [
				{
					"fuelToAdd": 0,
					"tyres":
					{
						"tyreCompound": 0,
						"tyrePressure": [ 55, 55, 48, 48 ]
					},
					"tyreSet": 2,
					"frontBrakePadCompound": 1,
					"rearBrakePadCompound": 1
				}
			],
			"fuelPerLap": 2.8487555980682373
		}
	},
	"advancedSetup":
	{
		"mechanicalBalance":
		{
			"aRBFront": 4,
			"aRBRear": 2,
			"wheelRate": [ 11, 11, 6, 6 ],
			"bumpStopRateUp": [ 1, 1, 2, 2 ],
			"bumpStopRateDn": [ 0, 0, 10, 10 ],
			"bumpStopWindow": [ 4, 4, 15, 15 ],
			"brakeTorque": 20,
			"brakeBias": 40
		},
		"dampers":
		{
			"bumpSlow": [ 9, 9, 11, 11 ],
			"bumpFast": [ 5, 5, 7, 7 ],
			"reboundSlow": [ 13, 13, 12, 12 ],
			"reboundFast": [ 11, 11, 11, 12 ]
		},
		"aeroBalance":
		{
			"rideHeight": [ 2, 6, 14, 18 ],
			"rodLength": [ -11.460261344909668, -11.460261344909668, 1.5781784057617188, 1.5781784057617188 ],
			"splitter": 0,
			"rearWing": 7,
			"brakeDuct": [ 4, 3 ]
		},
		"drivetrain":
		{
			"preload": 3
		}
	},
	"trackBopType": 27
}