{
	"carName": "honda_nsx_gt3_evo",
	"basicSetup":
	{
		"tyres":
		{
			"tyreCompound": 0,
			"tyrePressure": [ 62, 60, 62, 60 ]
		},
		"alignment":
		{
			"camber": [ 0, 0, 0, 0 ],
			"toe": [ 20, 20, 20, 20 ],
			"staticCamber": [ -3.1821730136871338, -3.1830680370330811, -3.4496004581451416, -3.4513068199157715 ],
			"toeOutLinear": [ 0.00095267040887847543, 0.00095267145661637187, -0.00052658823551610112, -0.00052658887580037117 ],
			"casterLF": 4,
			"casterRF": 4,
			"steerRatio": 3
		},
		"electronics":
		{
			"tC1": 1,
			"tC2": 11,
			"abs": 1,
			"eCUMap": 3,
			"fuelMix": 0,
			"telemetryLaps": 7
		},
		"strategy":
		{
			"fuel": 0,
			"nPitStops": 0,
			"tyreSet": 2,
			"frontBrakePadCompound": 0,
			"rearBrakePadCompound": 0,
			"pitStrategy": [
				{
					"fuelToAdd": 0,
					"tyres":
					{
						"tyreCompound": 0,
						"tyrePressure": [ 55, 55, 48, 48 ]
					},
					"tyreSet": 2,
					"frontBrakePadCompound": 1,
					"rearBrakePadCompound": 1
				}
			],
			"fuelPerLap": 3.2999999523162842
		}
	},
	"advancedSetup":
	{
		"mechanicalBalance":
		{
			"aRBFront": 4,
			"aRBRear": 4,
			"wheelRate": [ 7, 7, 6, 6 ],
			"bumpStopRateUp": [ 4, 4, 4, 4 ],
			"bumpStopRateDn": [ 0, 0, 10, 10 ],
			"bumpStopWindow": [ 10, 10, 0, 0 ],
			"brakeTorque": 20,
			"brakeBias": 30
		},
		"dampers":
		{
			"bumpSlow": [ 11, 11, 11, 11 ],
			"bumpFast": [ 15, 15, 15, 15 ],
			"reboundSlow": [ 12, 12, 14, 14 ],
			"reboundFast": [ 15, 15, 15, 15 ]
		},
		"aeroBalance":
		{
			"rideHeight": [ 0, 6, 23, 18 ],
			"rodLength": [ -11.10687255859375, -11.10687255859375, 10.276431083679199, 10.276431083679199 ],
			"splitter": 0,
			"rearWing": 11,
			"brakeDuct": [ 3, 3 ]
		},
		"drivetrain":
		{
			"preload": 28
		}
	},
	"trackBopType": 27
}