{
	"carName": "honda_nsx_gt3_evo",
	"basicSetup":
	{
		"tyres":
		{
			"tyreCompound": 1,
			"tyrePressure": [ 61, 57, 57, 57 ]
		},
		"alignment":
		{
			"camber": [ 0, 0, 0, 0 ],
			"toe": [ 30, 30, 30, 30 ],
			"staticCamber": [ -3.1708512306213379, -3.1727294921875, -3.2153117656707764, -3.2153186798095703 ],
			"toeOutLinear": [ 0.00071110401768237352, 0.00071110838325694203, 0.00010113938333233818, 0.00010116358316736296 ],
			"casterLF": 10,
			"casterRF": 10,
			"steerRatio": 3
		},
		"electronics":
		{
			"tC1": 3,
			"tC2": 11,
			"abs": 6,
			"eCUMap": 2,
			"fuelMix": 0,
			"telemetryLaps": 99
		},
		"strategy":
		{
			"fuel": 48,
			"nPitStops": 0,
			"tyreSet": 0,
			"frontBrakePadCompound": 0,
			"rearBrakePadCompound": 0,
			"pitStrategy": [
				{
					"fuelToAdd": 0,
					"tyres":
					{
						"tyreCompound": 0,
						"tyrePressure": [ 55, 55, 48, 48 ]
					},
					"tyreSet": 2,
					"frontBrakePadCompound": 1,
					"rearBrakePadCompound": 1
				}
			],
			"fuelPerLap": 2.8920936584472656
		}
	},
	"advancedSetup":
	{
		"mechanicalBalance":
		{
			"aRBFront": 0,
			"aRBRear": 0,
			"wheelRate": [ 5, 5, 0, 0 ],
			"bumpStopRateUp": [ 8, 8, 8, 8 ],
			"bumpStopRateDn": [ 0, 0, 10, 10 ],
			"bumpStopWindow": [ 0, 0, 0, 0 ],
			"brakeTorque": 20,
			"brakeBias": 0
		},
		"dampers":
		{
			"bumpSlow": [ 9, 9, 0, 0 ],
			"bumpFast": [ 12, 12, 15, 15 ],
			"reboundSlow": [ 14, 14, 9, 9 ],
			"reboundFast": [ 12, 12, 12, 12 ]
		},
		"aeroBalance":
		{
			"rideHeight": [ 0, 6, 16, 18 ],
			"rodLength": [ -8.9498615264892578, -8.9498615264892578, 9.0276174545288086, 9.0276174545288086 ],
			"splitter": 0,
			"rearWing": 11,
			"brakeDuct": [ 3, 3 ]
		},
		"drivetrain":
		{
			"preload": 4
		}
	},
	"trackBopType": 27
}