{
	"carName": "mclaren_650s_gt3",
	"basicSetup":
	{
		"tyres":
		{
			"tyreCompound": 0,
			"tyrePressure": [ 72, 77, 69, 72 ]
		},
		"alignment":
		{
			"camber": [ 5, 5, 10, 10 ],
			"toe": [ 30, 30, 60, 60 ],
			"staticCamber": [ -4.1263079643249512, -4.1241836547851563, -3.4795939922332764, -3.4770894050598145 ],
			"toeOutLinear": [ 0.0015132084954530001, 0.0015131088439375162, 0.00052145915105938911, 0.0005214655539020896 ],
			"casterLF": 13,
			"casterRF": 13,
			"steerRatio": 1
		},
		"electronics":
		{
			"tC1": 3,
			"tC2": 6,
			"abs": 4,
			"eCUMap": 0,
			"fuelMix": 0,
			"telemetryLaps": 99
		},
		"strategy":
		{
			"fuel": 18,
			"nPitStops": 0,
			"tyreSet": 0,
			"frontBrakePadCompound": 0,
			"rearBrakePadCompound": 0,
			"pitStrategy": [
				{
					"fuelToAdd": 0,
					"tyres":
					{
						"tyreCompound": 0,
						"tyrePressure": [ 55, 61, 49, 54 ]
					},
					"tyreSet": 2,
					"frontBrakePadCompound": 1,
					"rearBrakePadCompound": 1
				}
			],
			"fuelPerLap": 3.3730287551879883
		}
	},
	"advancedSetup":
	{
		"mechanicalBalance":
		{
			"aRBFront": 3,
			"aRBRear": 2,
			"wheelRate": [ 3, 3, 5, 5 ],
			"bumpStopRateUp": [ 7, 7, 2, 2 ],
			"bumpStopRateDn": [ 0, 0, 10, 10 ],
			"bumpStopWindow": [ 1, 1, 50, 50 ],
			"brakeTorque": 20,
			"brakeBias": 40
		},
		"dampers":
		{
			"bumpSlow": [ 10, 10, 13, 13 ],
			"bumpFast": [ 10, 10, 10, 10 ],
			"reboundSlow": [ 20, 20, 22, 22 ],
			"reboundFast": [ 20, 20, 20, 20 ]
		},
		"aeroBalance":
		{
			"rideHeight": [ 0, 6, 0, 18 ],
			"rodLength": [ 75.177566528320313, 75.177566528320313, 40.406116485595703, 40.406116485595703 ],
			"splitter": 0,
			"rearWing": 5,
			"brakeDuct": [ 2, 2 ]
		},
		"drivetrain":
		{
			"preload": 4
		}
	},
	"trackBopType": 27
}