{
	"carName": "honda_nsx_gt3_evo",
	"basicSetup":
	{
		"tyres":
		{
			"tyreCompound": 0,
			"tyrePressure": [ 57, 57, 59, 58 ]
		},
		"alignment":
		{
			"camber": [ 0, 0, 2, 2 ],
			"toe": [ 30, 30, 45, 45 ],
			"staticCamber": [ -3.1772470474243164, -3.1772480010986328, -2.5209558010101318, -2.5218207836151123 ],
			"toeOutLinear": [ 0.00070892204530537128, 0.00070892192889004946, 0.0010732142254710197, 0.0010731854708865285 ],
			"casterLF": 7,
			"casterRF": 7,
			"steerRatio": 3
		},
		"electronics":
		{
			"tC1": 6,
			"tC2": 6,
			"abs": 1,
			"eCUMap": 3,
			"fuelMix": 0,
			"telemetryLaps": 99
		},
		"strategy":
		{
			"fuel": 13,
			"nPitStops": 0,
			"tyreSet": 4,
			"frontBrakePadCompound": 0,
			"rearBrakePadCompound": 0,
			"pitStrategy": [
				{
					"fuelToAdd": 0,
					"tyres":
					{
						"tyreCompound": 0,
						"tyrePressure": [ 55, 55, 48, 48 ]
					},
					"tyreSet": 2,
					"frontBrakePadCompound": 1,
					"rearBrakePadCompound": 1
				}
			],
			"fuelPerLap": 3.8291730880737305
		}
	},
	"advancedSetup":
	{
		"mechanicalBalance":
		{
			"aRBFront": 2,
			"aRBRear": 0,
			"wheelRate": [ 8, 8, 6, 6 ],
			"bumpStopRateUp": [ 4, 4, 2, 2 ],
			"bumpStopRateDn": [ 0, 0, 10, 10 ],
			"bumpStopWindow": [ 5, 5, 15, 15 ],
			"brakeTorque": 20,
			"brakeBias": 35
		},
		"dampers":
		{
			"bumpSlow": [ 10, 10, 10, 10 ],
			"bumpFast": [ 8, 8, 8, 8 ],
			"reboundSlow": [ 11, 11, 10, 10 ],
			"reboundFast": [ 7, 7, 7, 8 ]
		},
		"aeroBalance":
		{
			"rideHeight": [ 0, 6, 3, 18 ],
			"rodLength": [ -11.657047271728516, -11.657047271728516, -9.4066200256347656, -9.4066200256347656 ],
			"splitter": 0,
			"rearWing": 3,
			"brakeDuct": [ 4, 3 ]
		},
		"drivetrain":
		{
			"preload": 13
		}
	},
	"trackBopType": 33
}