{
	"carName": "honda_nsx_gt3_evo",
	"basicSetup":
	{
		"tyres":
		{
			"tyreCompound": 0,
			"tyrePressure": [ 60, 60, 62, 61 ]
		},
		"alignment":
		{
			"camber": [ 0, 0, 2, 2 ],
			"toe": [ 30, 30, 45, 45 ],
			"staticCamber": [ -3.1732285022735596, -3.1732296943664551, -2.5933318138122559, -2.5941803455352783 ],
			"toeOutLinear": [ 0.00071063247742131352, 0.00071063055656850338, 0.0010094615863636136, 0.0010094355093315244 ],
			"casterLF": 10,
			"casterRF": 10,
			"steerRatio": 3
		},
		"electronics":
		{
			"tC1": 2,
			"tC2": 11,
			"abs": 1,
			"eCUMap": 3,
			"fuelMix": 0,
			"telemetryLaps": 99
		},
		"strategy":
		{
			"fuel": 0,
			"nPitStops": 0,
			"tyreSet": 7,
			"frontBrakePadCompound": 0,
			"rearBrakePadCompound": 0,
			"pitStrategy": [
				{
					"fuelToAdd": 0,
					"tyres":
					{
						"tyreCompound": 0,
						"tyrePressure": [ 55, 55, 48, 48 ]
					},
					"tyreSet": 2,
					"frontBrakePadCompound": 1,
					"rearBrakePadCompound": 1
				}
			],
			"fuelPerLap": 4.0999999046325684
		}
	},
	"advancedSetup":
	{
		"mechanicalBalance":
		{
			"aRBFront": 0,
			"aRBRear": 0,
			"wheelRate": [ 5, 5, 7, 7 ],
			"bumpStopRateUp": [ 2, 2, 2, 2 ],
			"bumpStopRateDn": [ 0, 0, 10, 10 ],
			"bumpStopWindow": [ 25, 25, 28, 28 ],
			"brakeTorque": 20,
			"brakeBias": 35
		},
		"dampers":
		{
			"bumpSlow": [ 10, 10, 13, 13 ],
			"bumpFast": [ 8, 8, 8, 8 ],
			"reboundSlow": [ 11, 11, 12, 12 ],
			"reboundFast": [ 7, 7, 7, 8 ]
		},
		"aeroBalance":
		{
			"rideHeight": [ 0, 6, 5, 18 ],
			"rodLength": [ -9.4449701309204102, -9.4449701309204102, -8.3182268142700195, -8.3182268142700195 ],
			"splitter": 0,
			"rearWing": 3,
			"brakeDuct": [ 4, 3 ]
		},
		"drivetrain":
		{
			"preload": 18
		}
	},
	"trackBopType": 33
}