{
	"carName": "porsche_718_cayman_gt4_mr",
	"basicSetup":
	{
		"tyres":
		{
			"tyreCompound": 0,
			"tyrePressure": [ 42, 43, 46, 45 ]
		},
		"alignment":
		{
			"camber": [ 5, 5, 13, 13 ],
			"toe": [ 25, 25, 55, 55 ],
			"staticCamber": [ -4.8133702278137207, -4.7975406646728516, -4.4569802284240723, -4.4553217887878418 ],
			"toeOutLinear": [ 0.0006848673801869154, 0.00065792782697826624, 0.000493349798489362, 0.00049725262215360999 ],
			"casterLF": 15,
			"casterRF": 15,
			"steerRatio": 3
		},
		"electronics":
		{
			"tC1": 2,
			"tC2": 0,
			"abs": 3,
			"eCUMap": 0,
			"fuelMix": 0,
			"telemetryLaps": 0
		},
		"strategy":
		{
			"fuel": 13,
			"nPitStops": 0,
			"tyreSet": 1,
			"frontBrakePadCompound": 0,
			"rearBrakePadCompound": 0,
			"pitStrategy": [
				{
					"fuelToAdd": 0,
					"tyres":
					{
						"tyreCompound": 0,
						"tyrePressure": [ 49, 39, 43, 35 ]
					},
					"tyreSet": 2,
					"frontBrakePadCompound": 1,
					"rearBrakePadCompound": 1
				}
			],
			"fuelPerLap": 2.5145952701568604
		}
	},
	"advancedSetup":
	{
		"mechanicalBalance":
		{
			"aRBFront": 4,
			"aRBRear": 1,
			"wheelRate": [ 1, 1, 3, 3 ],
			"bumpStopRateUp": [ 0, 0, 0, 0 ],
			"bumpStopRateDn": [ 0, 0, 10, 10 ],
			"bumpStopWindow": [ 0, 0, 0, 0 ],
			"brakeTorque": 20,
			"brakeBias": 35
		},
		"dampers":
		{
			"bumpSlow": [ 6, 6, 6, 6 ],
			"bumpFast": [ 4, 4, 5, 5 ],
			"reboundSlow": [ 8, 8, 6, 6 ],
			"reboundFast": [ 0, 0, 0, 0 ]
		},
		"aeroBalance":
		{
			"rideHeight": [ 0, 11, 36, 18 ],
			"rodLength": [ 32.962757110595703, 32.962757110595703, 43.505115509033203, 43.505115509033203 ],
			"splitter": 0,
			"rearWing": 2,
			"brakeDuct": [ 3, 2 ]
		},
		"drivetrain":
		{
			"preload": 1
		}
	},
	"trackBopType": 14
}