{
	"carName": "porsche_718_cayman_gt4_mr",
	"basicSetup":
	{
		"tyres":
		{
			"tyreCompound": 0,
			"tyrePressure": [ 52, 53, 46, 45 ]
		},
		"alignment":
		{
			"camber": [ 5, 5, 13, 13 ],
			"toe": [ 25, 25, 55, 55 ],
			"staticCamber": [ -4.7120203971862793, -4.7025995254516602, -3.8181681632995605, -3.817305326461792 ],
			"toeOutLinear": [ 0.00053865829249843955, 0.00052148324903100729, 0.00055740110110491514, 0.00055321119725704193 ],
			"casterLF": 15,
			"casterRF": 15,
			"steerRatio": 3
		},
		"electronics":
		{
			"tC1": 2,
			"tC2": 0,
			"abs": 3,
			"eCUMap": 0,
			"fuelMix": 0,
			"telemetryLaps": 0
		},
		"strategy":
		{
			"fuel": 13,
			"nPitStops": 0,
			"tyreSet": 1,
			"frontBrakePadCompound": 0,
			"rearBrakePadCompound": 0,
			"pitStrategy": [
				{
					"fuelToAdd": 0,
					"tyres":
					{
						"tyreCompound": 0,
						"tyrePressure": [ 49, 39, 43, 35 ]
					},
					"tyreSet": 2,
					"frontBrakePadCompound": 1,
					"rearBrakePadCompound": 1
				}
			],
			"fuelPerLap": 2.5350399017333984
		}
	},
	"advancedSetup":
	{
		"mechanicalBalance":
		{
			"aRBFront": 4,
			"aRBRear": 1,
			"wheelRate": [ 1, 1, 3, 3 ],
			"bumpStopRateUp": [ 0, 0, 0, 0 ],
			"bumpStopRateDn": [ 0, 0, 10, 10 ],
			"bumpStopWindow": [ 0, 0, 0, 0 ],
			"brakeTorque": 20,
			"brakeBias": 35
		},
		"dampers":
		{
			"bumpSlow": [ 6, 6, 6, 6 ],
			"bumpFast": [ 4, 4, 5, 5 ],
			"reboundSlow": [ 8, 8, 6, 6 ],
			"reboundFast": [ 0, 0, 0, 0 ]
		},
		"aeroBalance":
		{
			"rideHeight": [ 0, 11, 16, 18 ],
			"rodLength": [ 32.247360229492188, 32.247360229492188, 23.717245101928711, 23.717245101928711 ],
			"splitter": 0,
			"rearWing": 2,
			"brakeDuct": [ 3, 2 ]
		},
		"drivetrain":
		{
			"preload": 1
		}
	},
	"trackBopType": 14
}