{
	"carName": "mercedes_amg_gt3_evo",
	"basicSetup":
	{
		"tyres":
		{
			"tyreCompound": 0,
			"tyrePressure": [ 50, 43, 53, 48 ]
		},
		"alignment":
		{
			"camber": [ 2, 2, 2, 2 ],
			"toe": [ 0, 0, 40, 40 ],
			"staticCamber": [ -3.4058804512023926, -3.4107539653778076, -3.9983251094818115, -4.0018305778503418 ],
			"toeOutLinear": [ 0.00052706198766827583, 0.00052703829715028405, 2.6446325136930682e-05, 2.6207046175841242e-05 ],
			"casterLF": 35,
			"casterRF": 35,
			"steerRatio": 2
		},
		"electronics":
		{
			"tC1": 3,
			"tC2": 0,
			"abs": 4,
			"eCUMap": 0,
			"fuelMix": 0,
			"telemetryLaps": 28
		},
		"strategy":
		{
			"fuel": 14,
			"nPitStops": 0,
			"tyreSet": 3,
			"frontBrakePadCompound": 0,
			"rearBrakePadCompound": 0,
			"pitStrategy": [
				{
					"fuelToAdd": 0,
					"tyres":
					{
						"tyreCompound": 0,
						"tyrePressure": [ 58, 55, 59, 59 ]
					},
					"tyreSet": 2,
					"frontBrakePadCompound": 1,
					"rearBrakePadCompound": 1
				}
			],
			"fuelPerLap": 3.6628475189208984
		}
	},
	"advancedSetup":
	{
		"mechanicalBalance":
		{
			"aRBFront": 5,
			"aRBRear": 7,
			"wheelRate": [ 2, 2, 5, 5 ],
			"bumpStopRateUp": [ 4, 4, 7, 7 ],
			"bumpStopRateDn": [ 0, 0, 10, 10 ],
			"bumpStopWindow": [ 20, 20, 5, 5 ],
			"brakeTorque": 20,
			"brakeBias": 35
		},
		"dampers":
		{
			"bumpSlow": [ 3, 4, 4, 4 ],
			"bumpFast": [ 2, 2, 5, 5 ],
			"reboundSlow": [ 10, 11, 11, 11 ],
			"reboundFast": [ 7, 5, 3, 3 ]
		},
		"aeroBalance":
		{
			"rideHeight": [ 3, 6, 9, 18 ],
			"rodLength": [ 9.7850770950317383, 9.7850770950317383, 66.696182250976563, 66.696182250976563 ],
			"splitter": 10,
			"rearWing": 10,
			"brakeDuct": [ 6, 6 ]
		},
		"drivetrain":
		{
			"preload": 6
		}
	},
	"trackBopType": 39
}