{
	"carName": "ferrari_488_gt3_evo",
	"basicSetup":
	{
		"tyres":
		{
			"tyreCompound": 1,
			"tyrePressure": [ 83, 85, 82, 83 ]
		},
		"alignment":
		{
			"camber": [ 15, 15, 25, 25 ],
			"toe": [ 40, 40, 40, 40 ],
			"staticCamber": [ -1.7010658979415894, -1.7002372741699219, 0.10206202417612076, 0.10269536823034286 ],
			"toeOutLinear": [ 0.00061580841429531574, 0.0006158134201541543, -0.0006249996367841959, -0.00062423053896054626 ],
			"casterLF": 46,
			"casterRF": 46,
			"steerRatio": 5
		},
		"electronics":
		{
			"tC1": 8,
			"tC2": 7,
			"abs": 6,
			"eCUMap": 2,
			"fuelMix": 0,
			"telemetryLaps": 99
		},
		"strategy":
		{
			"fuel": 108,
			"nPitStops": 0,
			"tyreSet": 0,
			"frontBrakePadCompound": 0,
			"rearBrakePadCompound": 0,
			"pitStrategy": [
				{
					"fuelToAdd": 0,
					"tyres":
					{
						"tyreCompound": 0,
						"tyrePressure": [ 50, 55, 48, 50 ]
					},
					"tyreSet": 2,
					"frontBrakePadCompound": 1,
					"rearBrakePadCompound": 1
				}
			],
			"fuelPerLap": 2.9428939819335938
		}
	},
	"advancedSetup":
	{
		"mechanicalBalance":
		{
			"aRBFront": 27,
			"aRBRear": 0,
			"wheelRate": [ 3, 3, 5, 5 ],
			"bumpStopRateUp": [ 7, 7, 5, 5 ],
			"bumpStopRateDn": [ 0, 0, 10, 10 ],
			"bumpStopWindow": [ 0, 0, 15, 15 ],
			"brakeTorque": 20,
			"brakeBias": 15
		},
		"dampers":
		{
			"bumpSlow": [ 4, 4, 6, 6 ],
			"bumpFast": [ 2, 2, 3, 3 ],
			"reboundSlow": [ 6, 6, 7, 7 ],
			"reboundFast": [ 5, 5, 5, 5 ]
		},
		"aeroBalance":
		{
			"rideHeight": [ 6, 6, 6, 18 ],
			"rodLength": [ -22.306434631347656, -22.306434631347656, -21.262014389038086, -21.262014389038086 ],
			"splitter": 0,
			"rearWing": 14,
			"brakeDuct": [ 2, 1 ]
		},
		"drivetrain":
		{
			"preload": 12
		}
	},
	"trackBopType": 27
}