{
	"carName": "ferrari_488_gt3_evo",
	"basicSetup":
	{
		"tyres":
		{
			"tyreCompound": 0,
			"tyrePressure": [ 55, 59, 58, 61 ]
		},
		"alignment":
		{
			"camber": [ 0, 0, 15, 15 ],
			"toe": [ 25, 25, 55, 55 ],
			"staticCamber": [ -4.1144981384277344, -4.1122326850891113, -2.2667808532714844, -2.2641947269439697 ],
			"toeOutLinear": [ 0.0011534837540239096, 0.0011535404482856393, -0.0003272928879596293, -0.00032751480466686189 ],
			"casterLF": 46,
			"casterRF": 46,
			"steerRatio": 4
		},
		"electronics":
		{
			"tC1": 5,
			"tC2": 5,
			"abs": 2,
			"eCUMap": 0,
			"fuelMix": 0,
			"telemetryLaps": 20
		},
		"strategy":
		{
			"fuel": 18,
			"nPitStops": 0,
			"tyreSet": 3,
			"frontBrakePadCompound": 0,
			"rearBrakePadCompound": 0,
			"pitStrategy": [
				{
					"fuelToAdd": 0,
					"tyres":
					{
						"tyreCompound": 0,
						"tyrePressure": [ 50, 54, 53, 56 ]
					},
					"tyreSet": 2,
					"frontBrakePadCompound": 1,
					"rearBrakePadCompound": 1
				}
			],
			"fuelPerLap": 2.5870404243469238
		}
	},
	"advancedSetup":
	{
		"mechanicalBalance":
		{
			"aRBFront": 20,
			"aRBRear": 10,
			"wheelRate": [ 6, 6, 3, 3 ],
			"bumpStopRateUp": [ 7, 7, 2, 2 ],
			"bumpStopRateDn": [ 0, 0, 10, 10 ],
			"bumpStopWindow": [ 3, 3, 50, 50 ],
			"brakeTorque": 20,
			"brakeBias": 45
		},
		"dampers":
		{
			"bumpSlow": [ 8, 8, 5, 5 ],
			"bumpFast": [ 4, 4, 4, 4 ],
			"reboundSlow": [ 7, 7, 5, 5 ],
			"reboundFast": [ 7, 7, 8, 8 ]
		},
		"aeroBalance":
		{
			"rideHeight": [ 1, 6, 1, 18 ],
			"rodLength": [ -31.614961624145508, -31.614961624145508, -25.954366683959961, -25.954366683959961 ],
			"splitter": 0,
			"rearWing": 14,
			"brakeDuct": [ 2, 2 ]
		},
		"drivetrain":
		{
			"preload": 3
		}
	},
	"trackBopType": 19
}