{
	"carName": "mclaren_720s_gt3",
	"basicSetup":
	{
		"tyres":
		{
			"tyreCompound": 0,
			"tyrePressure": [ 61, 63, 59, 61 ]
		},
		"alignment":
		{
			"camber": [ 0, 0, 0, 0 ],
			"toe": [ 38, 38, 25, 25 ],
			"staticCamber": [ -4.6048450469970703, -4.6039433479309082, -4.6016902923583984, -4.6000819206237793 ],
			"toeOutLinear": [ 0.0015388939063996077, 0.0015386688755825162, 0.00056091492297127843, 0.00056087650591507554 ],
			"casterLF": 11,
			"casterRF": 11,
			"steerRatio": 2
		},
		"electronics":
		{
			"tC1": 1,
			"tC2": 6,
			"abs": 4,
			"eCUMap": 0,
			"fuelMix": 0,
			"telemetryLaps": 99
		},
		"strategy":
		{
			"fuel": 0,
			"nPitStops": 0,
			"tyreSet": 6,
			"frontBrakePadCompound": 0,
			"rearBrakePadCompound": 0,
			"pitStrategy": [
				{
					"fuelToAdd": 0,
					"tyres":
					{
						"tyreCompound": 0,
						"tyrePressure": [ 52, 52, 49, 51 ]
					},
					"tyreSet": 2,
					"frontBrakePadCompound": 1,
					"rearBrakePadCompound": 1
				}
			],
			"fuelPerLap": 4.0999999046325684
		}
	},
	"advancedSetup":
	{
		"mechanicalBalance":
		{
			"aRBFront": 4,
			"aRBRear": 3,
			"wheelRate": [ 3, 3, 4, 4 ],
			"bumpStopRateUp": [ 5, 5, 2, 2 ],
			"bumpStopRateDn": [ 0, 0, 10, 10 ],
			"bumpStopWindow": [ 1, 1, 50, 50 ],
			"brakeTorque": 20,
			"brakeBias": 28
		},
		"dampers":
		{
			"bumpSlow": [ 25, 20, 15, 15 ],
			"bumpFast": [ 20, 20, 15, 15 ],
			"reboundSlow": [ 15, 15, 15, 15 ],
			"reboundFast": [ 12, 12, 15, 15 ]
		},
		"aeroBalance":
		{
			"rideHeight": [ 0, 6, 16, 18 ],
			"rodLength": [ 56.969078063964844, 56.969078063964844, 44.772480010986328, 44.772480010986328 ],
			"splitter": 0,
			"rearWing": 7,
			"brakeDuct": [ 2, 2 ]
		},
		"drivetrain":
		{
			"preload": 2
		}
	},
	"trackBopType": 29
}