{
	"carName": "ferrari_488_gt3_evo",
	"basicSetup":
	{
		"tyres":
		{
			"tyreCompound": 1,
			"tyrePressure": [ 70, 73, 65, 67 ]
		},
		"alignment":
		{
			"camber": [ 25, 25, 25, 25 ],
			"toe": [ 40, 40, 60, 60 ],
			"staticCamber": [ -0.68429577350616455, -0.68287813663482666, 0.011658964678645134, 0.013085073791444302 ],
			"toeOutLinear": [ 0.00068592757452279329, 0.00068598374491557479, -0.00015827843162696809, -0.00015834499208722264 ],
			"casterLF": 37,
			"casterRF": 37,
			"steerRatio": 4
		},
		"electronics":
		{
			"tC1": 7,
			"tC2": 6,
			"abs": 6,
			"eCUMap": 2,
			"fuelMix": 0,
			"telemetryLaps": 0
		},
		"strategy":
		{
			"fuel": 88,
			"nPitStops": 0,
			"tyreSet": 0,
			"frontBrakePadCompound": 0,
			"rearBrakePadCompound": 0,
			"pitStrategy": [
				{
					"fuelToAdd": 0,
					"tyres":
					{
						"tyreCompound": 0,
						"tyrePressure": [ 70, 73, 65, 67 ]
					},
					"tyreSet": 2,
					"frontBrakePadCompound": 0,
					"rearBrakePadCompound": 0
				}
			],
			"fuelPerLap": 2.2832846641540527
		}
	},
	"advancedSetup":
	{
		"mechanicalBalance":
		{
			"aRBFront": 13,
			"aRBRear": 1,
			"wheelRate": [ 7, 7, 1, 1 ],
			"bumpStopRateUp": [ 7, 7, 1, 1 ],
			"bumpStopRateDn": [ 0, 0, 10, 10 ],
			"bumpStopWindow": [ 1, 1, 50, 50 ],
			"brakeTorque": 20,
			"brakeBias": 26
		},
		"dampers":
		{
			"bumpSlow": [ 8, 8, 8, 8 ],
			"bumpFast": [ 2, 2, 3, 3 ],
			"reboundSlow": [ 3, 3, 3, 3 ],
			"reboundFast": [ 4, 4, 4, 4 ]
		},
		"aeroBalance":
		{
			"rideHeight": [ 5, 6, 8, 18 ],
			"rodLength": [ -29.339300155639648, -29.339300155639648, -15.211238861083984, -15.211238861083984 ],
			"splitter": 0,
			"rearWing": 14,
			"brakeDuct": [ 3, 2 ]
		},
		"drivetrain":
		{
			"preload": 4
		}
	},
	"trackBopType": 28
}