{
	"carName": "mclaren_720s_gt3",
	"basicSetup":
	{
		"tyres":
		{
			"tyreCompound": 0,
			"tyrePressure": [ 60, 65, 61, 64 ]
		},
		"alignment":
		{
			"camber": [ 0, 0, 0, 0 ],
			"toe": [ 38, 38, 25, 25 ],
			"staticCamber": [ -4.6085677146911621, -4.6064343452453613, -4.2200636863708496, -4.2176628112792969 ],
			"toeOutLinear": [ 0.0015812405617907643, 0.0015812406782060862, 0.00048671159311197698, 0.0004867185780312866 ],
			"casterLF": 11,
			"casterRF": 11,
			"steerRatio": 1
		},
		"electronics":
		{
			"tC1": 1,
			"tC2": 6,
			"abs": 3,
			"eCUMap": 0,
			"fuelMix": 0,
			"telemetryLaps": 99
		},
		"strategy":
		{
			"fuel": 0,
			"nPitStops": 0,
			"tyreSet": 5,
			"frontBrakePadCompound": 0,
			"rearBrakePadCompound": 0,
			"pitStrategy": [
				{
					"fuelToAdd": 0,
					"tyres":
					{
						"tyreCompound": 0,
						"tyrePressure": [ 46, 59, 37, 50 ]
					},
					"tyreSet": 2,
					"frontBrakePadCompound": 1,
					"rearBrakePadCompound": 1
				}
			],
			"fuelPerLap": 2.6500000953674316
		}
	},
	"advancedSetup":
	{
		"mechanicalBalance":
		{
			"aRBFront": 8,
			"aRBRear": 6,
			"wheelRate": [ 3, 3, 4, 4 ],
			"bumpStopRateUp": [ 7, 7, 2, 2 ],
			"bumpStopRateDn": [ 0, 0, 10, 10 ],
			"bumpStopWindow": [ 1, 1, 50, 50 ],
			"brakeTorque": 20,
			"brakeBias": 25
		},
		"dampers":
		{
			"bumpSlow": [ 26, 26, 22, 22 ],
			"bumpFast": [ 31, 31, 23, 23 ],
			"reboundSlow": [ 14, 14, 22, 22 ],
			"reboundFast": [ 18, 18, 23, 23 ]
		},
		"aeroBalance":
		{
			"rideHeight": [ 2, 6, 5, 18 ],
			"rodLength": [ 58.727912902832031, 58.727912902832031, 33.583183288574219, 33.583183288574219 ],
			"splitter": 0,
			"rearWing": 7,
			"brakeDuct": [ 2, 2 ]
		},
		"drivetrain":
		{
			"preload": 3
		}
	},
	"trackBopType": 28
}