{
	"carName": "mclaren_720s_gt3",
	"basicSetup":
	{
		"tyres":
		{
			"tyreCompound": 0,
			"tyrePressure": [ 57, 62, 59, 62 ]
		},
		"alignment":
		{
			"camber": [ 0, 0, 0, 0 ],
			"toe": [ 38, 38, 25, 25 ],
			"staticCamber": [ -4.6055059432983398, -4.6032352447509766, -4.4344320297241211, -4.4320063591003418 ],
			"toeOutLinear": [ 0.0015380751574411988, 0.0015379163669422269, 0.00052922905888408422, 0.00052923872135579586 ],
			"casterLF": 11,
			"casterRF": 11,
			"steerRatio": 0
		},
		"electronics":
		{
			"tC1": 1,
			"tC2": 6,
			"abs": 4,
			"eCUMap": 0,
			"fuelMix": 0,
			"telemetryLaps": 99
		},
		"strategy":
		{
			"fuel": 0,
			"nPitStops": 0,
			"tyreSet": 4,
			"frontBrakePadCompound": 0,
			"rearBrakePadCompound": 0,
			"pitStrategy": [
				{
					"fuelToAdd": 0,
					"tyres":
					{
						"tyreCompound": 0,
						"tyrePressure": [ 46, 59, 37, 50 ]
					},
					"tyreSet": 2,
					"frontBrakePadCompound": 1,
					"rearBrakePadCompound": 1
				}
			],
			"fuelPerLap": 2.6500000953674316
		}
	},
	"advancedSetup":
	{
		"mechanicalBalance":
		{
			"aRBFront": 9,
			"aRBRear": 6,
			"wheelRate": [ 7, 7, 2, 2 ],
			"bumpStopRateUp": [ 7, 7, 2, 2 ],
			"bumpStopRateDn": [ 0, 0, 10, 10 ],
			"bumpStopWindow": [ 5, 5, 25, 25 ],
			"brakeTorque": 20,
			"brakeBias": 25
		},
		"dampers":
		{
			"bumpSlow": [ 30, 30, 30, 30 ],
			"bumpFast": [ 31, 31, 25, 25 ],
			"reboundSlow": [ 20, 20, 32, 32 ],
			"reboundFast": [ 18, 18, 23, 23 ]
		},
		"aeroBalance":
		{
			"rideHeight": [ 0, 6, 11, 18 ],
			"rodLength": [ 52.880443572998047, 52.880443572998047, 42.666431427001953, 42.666431427001953 ],
			"splitter": 0,
			"rearWing": 7,
			"brakeDuct": [ 2, 2 ]
		},
		"drivetrain":
		{
			"preload": 2
		}
	},
	"trackBopType": 28
}