{
	"carName": "mercedes_amg_gt3_evo",
	"basicSetup":
	{
		"tyres":
		{
			"tyreCompound": 0,
			"tyrePressure": [ 54, 63, 58, 69 ]
		},
		"alignment":
		{
			"camber": [ 2, 2, 0, 0 ],
			"toe": [ 30, 30, 50, 50 ],
			"staticCamber": [ -3.1716780662536621, -3.1665565967559814, -4.198845386505127, -4.1900033950805664 ],
			"toeOutLinear": [ -0.00028776194085367024, -0.00028774820384569466, 0.0002225549251306802, 0.00022196705685928464 ],
			"casterLF": 33,
			"casterRF": 33,
			"steerRatio": 3
		},
		"electronics":
		{
			"tC1": 6,
			"tC2": 0,
			"abs": 3,
			"eCUMap": 0,
			"fuelMix": 0,
			"telemetryLaps": 5
		},
		"strategy":
		{
			"fuel": 11,
			"nPitStops": 0,
			"tyreSet": 2,
			"frontBrakePadCompound": 0,
			"rearBrakePadCompound": 0,
			"pitStrategy": [
				{
					"fuelToAdd": 45,
					"tyres":
					{
						"tyreCompound": 0,
						"tyrePressure": [ 55, 47, 51, 49 ]
					},
					"tyreSet": 9,
					"frontBrakePadCompound": 1,
					"rearBrakePadCompound": 1
				}
			],
			"fuelPerLap": 2.4146661758422852
		}
	},
	"advancedSetup":
	{
		"mechanicalBalance":
		{
			"aRBFront": 4,
			"aRBRear": 5,
			"wheelRate": [ 3, 3, 5, 5 ],
			"bumpStopRateUp": [ 11, 11, 3, 3 ],
			"bumpStopRateDn": [ 0, 0, 10, 10 ],
			"bumpStopWindow": [ 3, 3, 50, 50 ],
			"brakeTorque": 20,
			"brakeBias": 40
		},
		"dampers":
		{
			"bumpSlow": [ 3, 3, 3, 3 ],
			"bumpFast": [ 3, 3, 4, 4 ],
			"reboundSlow": [ 7, 7, 6, 6 ],
			"reboundFast": [ 5, 5, 3, 3 ]
		},
		"aeroBalance":
		{
			"rideHeight": [ 0, 6, 11, 18 ],
			"rodLength": [ 4.8208694458007813, 4.8208694458007813, 68.275627136230469, 68.275627136230469 ],
			"splitter": 10,
			"rearWing": 10,
			"brakeDuct": [ 4, 2 ]
		},
		"drivetrain":
		{
			"preload": 4
		}
	},
	"trackBopType": 28
}