{
	"carName": "mclaren_720s_gt3",
	"basicSetup":
	{
		"tyres":
		{
			"tyreCompound": 0,
			"tyrePressure": [ 64, 65, 62, 62 ]
		},
		"alignment":
		{
			"camber": [ 0, 0, 0, 0 ],
			"toe": [ 38, 38, 25, 25 ],
			"staticCamber": [ -4.6085605621337891, -4.6080942153930664, -4.4710683822631836, -4.4710731506347656 ],
			"toeOutLinear": [ 0.0016257655806839466, 0.001626070006750524, 0.00053661351557821035, 0.00053661968559026718 ],
			"casterLF": 11,
			"casterRF": 11,
			"steerRatio": 2
		},
		"electronics":
		{
			"tC1": 1,
			"tC2": 6,
			"abs": 3,
			"eCUMap": 0,
			"fuelMix": 0,
			"telemetryLaps": 99
		},
		"strategy":
		{
			"fuel": 13,
			"nPitStops": 0,
			"tyreSet": 1,
			"frontBrakePadCompound": 0,
			"rearBrakePadCompound": 0,
			"pitStrategy": [
				{
					"fuelToAdd": 0,
					"tyres":
					{
						"tyreCompound": 0,
						"tyrePressure": [ 65, 65, 63, 63 ]
					},
					"tyreSet": 2,
					"frontBrakePadCompound": 1,
					"rearBrakePadCompound": 1
				}
			],
			"fuelPerLap": 2.9890778064727783
		}
	},
	"advancedSetup":
	{
		"mechanicalBalance":
		{
			"aRBFront": 9,
			"aRBRear": 6,
			"wheelRate": [ 4, 4, 4, 4 ],
			"bumpStopRateUp": [ 8, 8, 3, 3 ],
			"bumpStopRateDn": [ 0, 0, 10, 10 ],
			"bumpStopWindow": [ 0, 0, 45, 45 ],
			"brakeTorque": 20,
			"brakeBias": 30
		},
		"dampers":
		{
			"bumpSlow": [ 22, 22, 31, 31 ],
			"bumpFast": [ 28, 26, 10, 10 ],
			"reboundSlow": [ 20, 20, 28, 28 ],
			"reboundFast": [ 14, 14, 10, 10 ]
		},
		"aeroBalance":
		{
			"rideHeight": [ 4, 6, 12, 18 ],
			"rodLength": [ 59.720115661621094, 59.720115661621094, 40.954730987548828, 40.954730987548828 ],
			"splitter": 0,
			"rearWing": 7,
			"brakeDuct": [ 2, 2 ]
		},
		"drivetrain":
		{
			"preload": 2
		}
	},
	"trackBopType": 27
}