{
	"carName": "mclaren_720s_gt3",
	"basicSetup":
	{
		"tyres":
		{
			"tyreCompound": 0,
			"tyrePressure": [ 62, 64, 61, 61 ]
		},
		"alignment":
		{
			"camber": [ 0, 0, 0, 0 ],
			"toe": [ 38, 38, 25, 25 ],
			"staticCamber": [ -4.6080198287963867, -4.6070733070373535, -4.538139820098877, -4.5381288528442383 ],
			"toeOutLinear": [ 0.0015840110136196017, 0.0015839798143133521, 0.00054937234381213784, 0.00054939539404585958 ],
			"casterLF": 11,
			"casterRF": 11,
			"steerRatio": 2
		},
		"electronics":
		{
			"tC1": 1,
			"tC2": 6,
			"abs": 3,
			"eCUMap": 0,
			"fuelMix": 0,
			"telemetryLaps": 99
		},
		"strategy":
		{
			"fuel": 13,
			"nPitStops": 0,
			"tyreSet": 3,
			"frontBrakePadCompound": 0,
			"rearBrakePadCompound": 0,
			"pitStrategy": [
				{
					"fuelToAdd": 0,
					"tyres":
					{
						"tyreCompound": 0,
						"tyrePressure": [ 65, 65, 63, 63 ]
					},
					"tyreSet": 2,
					"frontBrakePadCompound": 1,
					"rearBrakePadCompound": 1
				}
			],
			"fuelPerLap": 2.9521970748901367
		}
	},
	"advancedSetup":
	{
		"mechanicalBalance":
		{
			"aRBFront": 9,
			"aRBRear": 6,
			"wheelRate": [ 4, 4, 4, 4 ],
			"bumpStopRateUp": [ 11, 11, 3, 3 ],
			"bumpStopRateDn": [ 0, 0, 10, 10 ],
			"bumpStopWindow": [ 3, 3, 45, 45 ],
			"brakeTorque": 20,
			"brakeBias": 25
		},
		"dampers":
		{
			"bumpSlow": [ 22, 22, 29, 29 ],
			"bumpFast": [ 28, 26, 13, 13 ],
			"reboundSlow": [ 18, 18, 28, 28 ],
			"reboundFast": [ 14, 14, 10, 10 ]
		},
		"aeroBalance":
		{
			"rideHeight": [ 2, 6, 14, 18 ],
			"rodLength": [ 57.764877319335938, 57.764877319335938, 42.958198547363281, 42.958198547363281 ],
			"splitter": 0,
			"rearWing": 7,
			"brakeDuct": [ 2, 2 ]
		},
		"drivetrain":
		{
			"preload": 2
		}
	},
	"trackBopType": 27
}