{
	"carName": "porsche_991ii_gt3_r",
	"basicSetup":
	{
		"tyres":
		{
			"tyreCompound": 0,
			"tyrePressure": [ 70, 72, 63, 65 ]
		},
		"alignment":
		{
			"camber": [ 10, 10, 17, 17 ],
			"toe": [ 20, 20, 50, 50 ],
			"staticCamber": [ -6.6861004829406738, -6.685297966003418, -0.23665924370288849, -0.23489215970039368 ],
			"toeOutLinear": [ 0.00014119777188170701, 0.0001411368721164763, -0.0057359281927347183, -0.0057358462363481522 ],
			"casterLF": 11,
			"casterRF": 11,
			"steerRatio": 4
		},
		"electronics":
		{
			"tC1": 3,
			"tC2": 2,
			"abs": 3,
			"eCUMap": 7,
			"fuelMix": 0,
			"telemetryLaps": 99
		},
		"strategy":
		{
			"fuel": 11,
			"nPitStops": 0,
			"tyreSet": 3,
			"frontBrakePadCompound": 0,
			"rearBrakePadCompound": 0,
			"pitStrategy": [
				{
					"fuelToAdd": 0,
					"tyres":
					{
						"tyreCompound": 0,
						"tyrePressure": [ 70, 72, 62, 67 ]
					},
					"tyreSet": 2,
					"frontBrakePadCompound": 1,
					"rearBrakePadCompound": 1
				}
			],
			"fuelPerLap": 2.5248897075653076
		}
	},
	"advancedSetup":
	{
		"mechanicalBalance":
		{
			"aRBFront": 2,
			"aRBRear": 1,
			"wheelRate": [ 2, 2, 3, 3 ],
			"bumpStopRateUp": [ 6, 6, 2, 2 ],
			"bumpStopRateDn": [ 0, 0, 10, 10 ],
			"bumpStopWindow": [ 5, 5, 50, 50 ],
			"brakeTorque": 20,
			"brakeBias": 45
		},
		"dampers":
		{
			"bumpSlow": [ 8, 5, 11, 11 ],
			"bumpFast": [ 4, 4, 5, 5 ],
			"reboundSlow": [ 12, 17, 5, 5 ],
			"reboundFast": [ 9, 7, 12, 12 ]
		},
		"aeroBalance":
		{
			"rideHeight": [ 4, 11, 14, 18 ],
			"rodLength": [ 56.577808380126953, 56.577808380126953, -51.622116088867188, -51.622116088867188 ],
			"splitter": 3,
			"rearWing": 9,
			"brakeDuct": [ 4, 3 ]
		},
		"drivetrain":
		{
			"preload": 6
		}
	},
	"trackBopType": 19
}