{
	"carName": "porsche_991ii_gt3_r",
	"basicSetup":
	{
		"tyres":
		{
			"tyreCompound": 0,
			"tyrePressure": [ 70, 71, 62, 64 ]
		},
		"alignment":
		{
			"camber": [ 5, 5, 17, 17 ],
			"toe": [ 20, 20, 50, 50 ],
			"staticCamber": [ -7.0933752059936523, -7.0929512977600098, -0.18461385369300842, -0.18284869194030762 ],
			"toeOutLinear": [ 0.00017680991732049733, 0.00017668362124823034, -0.0057420488446950912, -0.005741931963711977 ],
			"casterLF": 11,
			"casterRF": 11,
			"steerRatio": 4
		},
		"electronics":
		{
			"tC1": 3,
			"tC2": 3,
			"abs": 3,
			"eCUMap": 7,
			"fuelMix": 0,
			"telemetryLaps": 20
		},
		"strategy":
		{
			"fuel": 8,
			"nPitStops": 0,
			"tyreSet": 5,
			"frontBrakePadCompound": 0,
			"rearBrakePadCompound": 0,
			"pitStrategy": [
				{
					"fuelToAdd": 0,
					"tyres":
					{
						"tyreCompound": 0,
						"tyrePressure": [ 64, 65, 61, 63 ]
					},
					"tyreSet": 2,
					"frontBrakePadCompound": 1,
					"rearBrakePadCompound": 1
				}
			],
			"fuelPerLap": 2.5256414413452148
		}
	},
	"advancedSetup":
	{
		"mechanicalBalance":
		{
			"aRBFront": 2,
			"aRBRear": 1,
			"wheelRate": [ 4, 4, 5, 5 ],
			"bumpStopRateUp": [ 6, 6, 2, 2 ],
			"bumpStopRateDn": [ 0, 0, 10, 10 ],
			"bumpStopWindow": [ 5, 5, 50, 50 ],
			"brakeTorque": 20,
			"brakeBias": 50
		},
		"dampers":
		{
			"bumpSlow": [ 9, 9, 11, 11 ],
			"bumpFast": [ 4, 4, 5, 5 ],
			"reboundSlow": [ 12, 17, 8, 8 ],
			"reboundFast": [ 9, 7, 12, 12 ]
		},
		"aeroBalance":
		{
			"rideHeight": [ 0, 11, 13, 18 ],
			"rodLength": [ 51.093883514404297, 51.093883514404297, -54.62603759765625, -54.62603759765625 ],
			"splitter": 3,
			"rearWing": 11,
			"brakeDuct": [ 4, 3 ]
		},
		"drivetrain":
		{
			"preload": 6
		}
	},
	"trackBopType": 19
}