{
	"carName": "porsche_991ii_gt3_r",
	"basicSetup":
	{
		"tyres":
		{
			"tyreCompound": 0,
			"tyrePressure": [ 64, 62, 59, 59 ]
		},
		"alignment":
		{
			"camber": [ 23, 23, 15, 15 ],
			"toe": [ 20, 20, 30, 30 ],
			"staticCamber": [ -5.3147568702697754, -5.3155498504638672, -0.51645010709762573, -0.51646852493286133 ],
			"toeOutLinear": [ 0.00016838083683978766, 0.00016840883472468704, -0.0048915972001850605, -0.0048915334045886993 ],
			"casterLF": 11,
			"casterRF": 11,
			"steerRatio": 4
		},
		"electronics":
		{
			"tC1": 1,
			"tC2": 4,
			"abs": 2,
			"eCUMap": 7,
			"fuelMix": 0,
			"telemetryLaps": 99
		},
		"strategy":
		{
			"fuel": 0,
			"nPitStops": 0,
			"tyreSet": 4,
			"frontBrakePadCompound": 0,
			"rearBrakePadCompound": 0,
			"pitStrategy": [
				{
					"fuelToAdd": 0,
					"tyres":
					{
						"tyreCompound": 0,
						"tyrePressure": [ 54, 55, 51, 53 ]
					},
					"tyreSet": 2,
					"frontBrakePadCompound": 1,
					"rearBrakePadCompound": 1
				}
			],
			"fuelPerLap": 2.5499999523162842
		}
	},
	"advancedSetup":
	{
		"mechanicalBalance":
		{
			"aRBFront": 2,
			"aRBRear": 1,
			"wheelRate": [ 4, 4, 5, 5 ],
			"bumpStopRateUp": [ 6, 6, 2, 2 ],
			"bumpStopRateDn": [ 0, 0, 10, 10 ],
			"bumpStopWindow": [ 7, 7, 20, 20 ],
			"brakeTorque": 20,
			"brakeBias": 30
		},
		"dampers":
		{
			"bumpSlow": [ 9, 9, 7, 7 ],
			"bumpFast": [ 4, 4, 5, 5 ],
			"reboundSlow": [ 11, 11, 8, 8 ],
			"reboundFast": [ 9, 9, 12, 12 ]
		},
		"aeroBalance":
		{
			"rideHeight": [ 2, 11, 15, 18 ],
			"rodLength": [ 51.785404205322266, 51.785404205322266, -52.567134857177734, -52.567134857177734 ],
			"splitter": 3,
			"rearWing": 12,
			"brakeDuct": [ 2, 2 ]
		},
		"drivetrain":
		{
			"preload": 8
		}
	},
	"trackBopType": 19
}