{
	"carName": "porsche_991ii_gt3_r",
	"basicSetup":
	{
		"tyres":
		{
			"tyreCompound": 0,
			"tyrePressure": [ 66, 73, 63, 68 ]
		},
		"alignment":
		{
			"camber": [ 0, 0, 0, 0 ],
			"toe": [ 30, 30, 30, 30 ],
			"staticCamber": [ -5.0599122047424316, -5.0570812225341797, -0.47111248970031738, -0.46670189499855042 ],
			"toeOutLinear": [ -4.8255074943881482e-05, -4.8258931201416999e-05, -0.0048996130935847759, -0.0048994747921824455 ],
			"casterLF": 11,
			"casterRF": 11,
			"steerRatio": 3
		},
		"electronics":
		{
			"tC1": 1,
			"tC2": 4,
			"abs": 3,
			"eCUMap": 7,
			"fuelMix": 0,
			"telemetryLaps": 99
		},
		"strategy":
		{
			"fuel": 13,
			"nPitStops": 0,
			"tyreSet": 1,
			"frontBrakePadCompound": 0,
			"rearBrakePadCompound": 0,
			"pitStrategy": [
				{
					"fuelToAdd": 0,
					"tyres":
					{
						"tyreCompound": 0,
						"tyrePressure": [ 50, 62, 48, 57 ]
					},
					"tyreSet": 2,
					"frontBrakePadCompound": 1,
					"rearBrakePadCompound": 1
				}
			],
			"fuelPerLap": 2.7311549186706543
		}
	},
	"advancedSetup":
	{
		"mechanicalBalance":
		{
			"aRBFront": 2,
			"aRBRear": 1,
			"wheelRate": [ 2, 2, 2, 2 ],
			"bumpStopRateUp": [ 6, 6, 2, 2 ],
			"bumpStopRateDn": [ 0, 0, 10, 10 ],
			"bumpStopWindow": [ 1, 1, 50, 50 ],
			"brakeTorque": 20,
			"brakeBias": 40
		},
		"dampers":
		{
			"bumpSlow": [ 1, 1, 10, 10 ],
			"bumpFast": [ 8, 8, 8, 8 ],
			"reboundSlow": [ 17, 17, 8, 8 ],
			"reboundFast": [ 6, 6, 10, 10 ]
		},
		"aeroBalance":
		{
			"rideHeight": [ 0, 11, 14, 18 ],
			"rodLength": [ 52.471351623535156, 52.471351623535156, -50.369785308837891, -50.369785308837891 ],
			"splitter": 1,
			"rearWing": 12,
			"brakeDuct": [ 2, 2 ]
		},
		"drivetrain":
		{
			"preload": 8
		}
	},
	"trackBopType": 28
}