{
	"carName": "audi_r8_lms_evo_ii",
	"basicSetup":
	{
		"tyres":
		{
			"tyreCompound": 0,
			"tyrePressure": [ 51, 62, 49, 58 ]
		},
		"alignment":
		{
			"camber": [ 0, 0, 0, 0 ],
			"toe": [ 25, 25, 32, 32 ],
			"staticCamber": [ -4.1531844139099121, -4.1466536521911621, -3.5787177085876465, -3.5722835063934326 ],
			"toeOutLinear": [ 0.00046286793076433241, 0.00046286510769277811, -0.00027439359109848738, -0.00027439463883638382 ],
			"casterLF": 15,
			"casterRF": 15,
			"steerRatio": 3
		},
		"electronics":
		{
			"tC1": 3,
			"tC2": 0,
			"abs": 3,
			"eCUMap": 0,
			"fuelMix": 0,
			"telemetryLaps": 99
		},
		"strategy":
		{
			"fuel": 23,
			"nPitStops": 0,
			"tyreSet": 13,
			"frontBrakePadCompound": 0,
			"rearBrakePadCompound": 0,
			"pitStrategy": [
				{
					"fuelToAdd": 0,
					"tyres":
					{
						"tyreCompound": 0,
						"tyrePressure": [ 61, 59, 61, 59 ]
					},
					"tyreSet": 2,
					"frontBrakePadCompound": 1,
					"rearBrakePadCompound": 1
				}
			],
			"fuelPerLap": 3.9213283061981201
		}
	},
	"advancedSetup":
	{
		"mechanicalBalance":
		{
			"aRBFront": 3,
			"aRBRear": 3,
			"wheelRate": [ 3, 3, 2, 2 ],
			"bumpStopRateUp": [ 11, 11, 9, 9 ],
			"bumpStopRateDn": [ 0, 0, 10, 10 ],
			"bumpStopWindow": [ 5, 5, 10, 10 ],
			"brakeTorque": 20,
			"brakeBias": 29
		},
		"dampers":
		{
			"bumpSlow": [ 9, 9, 21, 21 ],
			"bumpFast": [ 20, 20, 12, 12 ],
			"reboundSlow": [ 14, 14, 26, 26 ],
			"reboundFast": [ 19, 19, 24, 24 ]
		},
		"aeroBalance":
		{
			"rideHeight": [ 0, 6, 19, 18 ],
			"rodLength": [ 23.978559494018555, 23.978559494018555, 19.838266372680664, 19.838266372680664 ],
			"splitter": 0,
			"rearWing": 5,
			"brakeDuct": [ 5, 4 ]
		},
		"drivetrain":
		{
			"preload": 14
		}
	},
	"trackBopType": 33
}