{
	"carName": "porsche_991ii_gt3_r",
	"basicSetup":
	{
		"tyres":
		{
			"tyreCompound": 0,
			"tyrePressure": [ 42, 55, 37, 48 ]
		},
		"alignment":
		{
			"camber": [ 10, 10, 5, 5 ],
			"toe": [ 20, 20, 30, 30 ],
			"staticCamber": [ -4.1217255592346191, -4.1142325401306152, -0.43552982807159424, -0.42718777060508728 ],
			"toeOutLinear": [ 0.00028187374118715525, 0.000281875254586339, -0.0047380570322275162, -0.0047379718162119389 ],
			"casterLF": 26,
			"casterRF": 26,
			"steerRatio": 2
		},
		"electronics":
		{
			"tC1": 3,
			"tC2": 3,
			"abs": 3,
			"eCUMap": 7,
			"fuelMix": 0,
			"telemetryLaps": 99
		},
		"strategy":
		{
			"fuel": 18,
			"nPitStops": 0,
			"tyreSet": 5,
			"frontBrakePadCompound": 0,
			"rearBrakePadCompound": 0,
			"pitStrategy": [
				{
					"fuelToAdd": 0,
					"tyres":
					{
						"tyreCompound": 0,
						"tyrePressure": [ 50, 62, 46, 55 ]
					},
					"tyreSet": 2,
					"frontBrakePadCompound": 1,
					"rearBrakePadCompound": 1
				}
			],
			"fuelPerLap": 2.3843951225280762
		}
	},
	"advancedSetup":
	{
		"mechanicalBalance":
		{
			"aRBFront": 2,
			"aRBRear": 4,
			"wheelRate": [ 8, 8, 5, 5 ],
			"bumpStopRateUp": [ 4, 4, 4, 4 ],
			"bumpStopRateDn": [ 0, 0, 10, 10 ],
			"bumpStopWindow": [ 10, 10, 15, 15 ],
			"brakeTorque": 20,
			"brakeBias": 28
		},
		"dampers":
		{
			"bumpSlow": [ 11, 11, 12, 12 ],
			"bumpFast": [ 16, 16, 6, 6 ],
			"reboundSlow": [ 12, 12, 13, 13 ],
			"reboundFast": [ 15, 15, 11, 11 ]
		},
		"aeroBalance":
		{
			"rideHeight": [ 0, 11, 23, 18 ],
			"rodLength": [ 47.875511169433594, 47.875511169433594, -44.088985443115234, -44.088985443115234 ],
			"splitter": 0,
			"rearWing": 12,
			"brakeDuct": [ 4, 4 ]
		},
		"drivetrain":
		{
			"preload": 9
		}
	},
	"trackBopType": 36
}