{
	"carName": "porsche_991ii_gt3_r",
	"basicSetup":
	{
		"tyres":
		{
			"tyreCompound": 0,
			"tyrePressure": [ 53, 67, 44, 56 ]
		},
		"alignment":
		{
			"camber": [ 30, 30, 13, 13 ],
			"toe": [ 26, 26, 26, 26 ],
			"staticCamber": [ -4.6197113990783691, -4.6095614433288574, -1.1602811813354492, -1.1503119468688965 ],
			"toeOutLinear": [ 0.00013462385686580092, 0.00013470416888594627, -0.0045471847988665104, -0.0045595495030283928 ],
			"casterLF": 26,
			"casterRF": 26,
			"steerRatio": 2
		},
		"electronics":
		{
			"tC1": 1,
			"tC2": 1,
			"abs": 1,
			"eCUMap": 7,
			"fuelMix": 0,
			"telemetryLaps": 5
		},
		"strategy":
		{
			"fuel": 1,
			"nPitStops": 0,
			"tyreSet": 0,
			"frontBrakePadCompound": 0,
			"rearBrakePadCompound": 0,
			"pitStrategy": [
				{
					"fuelToAdd": 0,
					"tyres":
					{
						"tyreCompound": 0,
						"tyrePressure": [ 50, 62, 46, 55 ]
					},
					"tyreSet": 2,
					"frontBrakePadCompound": 1,
					"rearBrakePadCompound": 1
				}
			],
			"fuelPerLap": 2.7311551570892334
		}
	},
	"advancedSetup":
	{
		"mechanicalBalance":
		{
			"aRBFront": 2,
			"aRBRear": 4,
			"wheelRate": [ 9, 9, 5, 5 ],
			"bumpStopRateUp": [ 4, 4, 4, 4 ],
			"bumpStopRateDn": [ 0, 0, 10, 10 ],
			"bumpStopWindow": [ 7, 7, 17, 17 ],
			"brakeTorque": 17,
			"brakeBias": 28
		},
		"dampers":
		{
			"bumpSlow": [ 7, 7, 9, 9 ],
			"bumpFast": [ 16, 16, 7, 7 ],
			"reboundSlow": [ 9, 9, 9, 9 ],
			"reboundFast": [ 14, 14, 11, 11 ]
		},
		"aeroBalance":
		{
			"rideHeight": [ 0, 11, 23, 18 ],
			"rodLength": [ 46.113681793212891, 46.113681793212891, -43.838447570800781, -43.838447570800781 ],
			"splitter": 0,
			"rearWing": 12,
			"brakeDuct": [ 1, 1 ]
		},
		"drivetrain":
		{
			"preload": 9
		}
	}
}