{
	"carName": "ferrari_488_gt3_evo",
	"basicSetup":
	{
		"tyres":
		{
			"tyreCompound": 0,
			"tyrePressure": [ 59, 59, 59, 59 ]
		},
		"alignment":
		{
			"camber": [ 2, 2, 0, 0 ],
			"toe": [ 32, 32, 50, 50 ],
			"staticCamber": [ -2.9213359355926514, -2.921147346496582, -2.4865338802337646, -2.4867768287658691 ],
			"toeOutLinear": [ 0.00089329964248463511, 0.00089319102698937058, -0.00037920312024652958, -0.00037971095298416913 ],
			"casterLF": 49,
			"casterRF": 49,
			"steerRatio": 4
		},
		"electronics":
		{
			"tC1": 5,
			"tC2": 5,
			"abs": 4,
			"eCUMap": 0,
			"fuelMix": 0,
			"telemetryLaps": 99
		},
		"strategy":
		{
			"fuel": 15,
			"nPitStops": 0,
			"tyreSet": 1,
			"frontBrakePadCompound": 0,
			"rearBrakePadCompound": 0,
			"pitStrategy": [
				{
					"fuelToAdd": 0,
					"tyres":
					{
						"tyreCompound": 0,
						"tyrePressure": [ 51, 54, 49, 51 ]
					},
					"tyreSet": 2,
					"frontBrakePadCompound": 1,
					"rearBrakePadCompound": 1
				}
			],
			"fuelPerLap": 3.8440990447998047
		}
	},
	"advancedSetup":
	{
		"mechanicalBalance":
		{
			"aRBFront": 27,
			"aRBRear": 2,
			"wheelRate": [ 8, 8, 3, 3 ],
			"bumpStopRateUp": [ 9, 9, 2, 2 ],
			"bumpStopRateDn": [ 0, 0, 10, 10 ],
			"bumpStopWindow": [ 2, 2, 50, 50 ],
			"brakeTorque": 20,
			"brakeBias": 35
		},
		"dampers":
		{
			"bumpSlow": [ 7, 7, 7, 7 ],
			"bumpFast": [ 2, 2, 3, 3 ],
			"reboundSlow": [ 10, 10, 9, 9 ],
			"reboundFast": [ 4, 4, 4, 4 ]
		},
		"aeroBalance":
		{
			"rideHeight": [ 3, 6, 9, 18 ],
			"rodLength": [ -33.168861389160156, -33.168861389160156, -18.325273513793945, -18.325273513793945 ],
			"splitter": 0,
			"rearWing": 6,
			"brakeDuct": [ 2, 2 ]
		},
		"drivetrain":
		{
			"preload": 15
		}
	},
	"trackBopType": 29
}