{
	"carName": "ferrari_488_gt3_evo",
	"basicSetup":
	{
		"tyres":
		{
			"tyreCompound": 0,
			"tyrePressure": [ 59, 62, 58, 59 ]
		},
		"alignment":
		{
			"camber": [ 0, 0, 0, 0 ],
			"toe": [ 20, 20, 10, 10 ],
			"staticCamber": [ -3.2026760578155518, -3.2013142108917236, -2.3501121997833252, -2.3492424488067627 ],
			"toeOutLinear": [ 0.0012776938965544105, 0.0012776934308931231, -0.0012991448165848851, -0.00129916169680655 ],
			"casterLF": 50,
			"casterRF": 50,
			"steerRatio": 4
		},
		"electronics":
		{
			"tC1": 9,
			"tC2": 0,
			"abs": 5,
			"eCUMap": 0,
			"fuelMix": 0,
			"telemetryLaps": 99
		},
		"strategy":
		{
			"fuel": 48,
			"nPitStops": 0,
			"tyreSet": 14,
			"frontBrakePadCompound": 0,
			"rearBrakePadCompound": 0,
			"pitStrategy": [
				{
					"fuelToAdd": 0,
					"tyres":
					{
						"tyreCompound": 0,
						"tyrePressure": [ 0, 0, 0, 0 ]
					},
					"tyreSet": 2,
					"frontBrakePadCompound": 0,
					"rearBrakePadCompound": 0
				}
			],
			"fuelPerLap": 3.7398757934570313
		}
	},
	"advancedSetup":
	{
		"mechanicalBalance":
		{
			"aRBFront": 40,
			"aRBRear": 2,
			"wheelRate": [ 7, 7, 3, 3 ],
			"bumpStopRateUp": [ 5, 5, 2, 2 ],
			"bumpStopRateDn": [ 0, 0, 10, 10 ],
			"bumpStopWindow": [ 5, 5, 41, 41 ],
			"brakeTorque": 20,
			"brakeBias": 24
		},
		"dampers":
		{
			"bumpSlow": [ 4, 4, 4, 4 ],
			"bumpFast": [ 8, 8, 8, 8 ],
			"reboundSlow": [ 6, 6, 9, 9 ],
			"reboundFast": [ 8, 8, 5, 5 ]
		},
		"aeroBalance":
		{
			"rideHeight": [ 5, 6, 7, 18 ],
			"rodLength": [ -29.210720062255859, -29.210720062255859, -19.819631576538086, -19.819631576538086 ],
			"splitter": 0,
			"rearWing": 1,
			"brakeDuct": [ 3, 2 ]
		},
		"drivetrain":
		{
			"preload": 13
		}
	},
	"trackBopType": 33
}