{
	"carName": "ferrari_488_gt3_evo",
	"basicSetup":
	{
		"tyres":
		{
			"tyreCompound": 0,
			"tyrePressure": [ 61, 63, 60, 61 ]
		},
		"alignment":
		{
			"camber": [ 0, 0, 0, 0 ],
			"toe": [ 20, 20, 10, 10 ],
			"staticCamber": [ -3.1941080093383789, -3.1932058334350586, -2.3441472053527832, -2.3433403968811035 ],
			"toeOutLinear": [ 0.0012558553135022521, 0.0012558548478409648, -0.0013008880196139216, -0.0013008589157834649 ],
			"casterLF": 55,
			"casterRF": 55,
			"steerRatio": 4
		},
		"electronics":
		{
			"tC1": 9,
			"tC2": 0,
			"abs": 5,
			"eCUMap": 0,
			"fuelMix": 0,
			"telemetryLaps": 99
		},
		"strategy":
		{
			"fuel": 14,
			"nPitStops": 0,
			"tyreSet": 4,
			"frontBrakePadCompound": 0,
			"rearBrakePadCompound": 0,
			"pitStrategy": [
				{
					"fuelToAdd": 0,
					"tyres":
					{
						"tyreCompound": 0,
						"tyrePressure": [ 0, 0, 0, 0 ]
					},
					"tyreSet": 2,
					"frontBrakePadCompound": 0,
					"rearBrakePadCompound": 0
				}
			],
			"fuelPerLap": 3.7943854331970215
		}
	},
	"advancedSetup":
	{
		"mechanicalBalance":
		{
			"aRBFront": 40,
			"aRBRear": 2,
			"wheelRate": [ 7, 7, 3, 3 ],
			"bumpStopRateUp": [ 5, 5, 2, 2 ],
			"bumpStopRateDn": [ 0, 0, 10, 10 ],
			"bumpStopWindow": [ 5, 5, 41, 41 ],
			"brakeTorque": 20,
			"brakeBias": 24
		},
		"dampers":
		{
			"bumpSlow": [ 4, 4, 4, 4 ],
			"bumpFast": [ 8, 8, 8, 8 ],
			"reboundSlow": [ 6, 6, 9, 9 ],
			"reboundFast": [ 8, 8, 5, 5 ]
		},
		"aeroBalance":
		{
			"rideHeight": [ 5, 6, 7, 18 ],
			"rodLength": [ -29.593074798583984, -29.593074798583984, -20.682968139648438, -20.682968139648438 ],
			"splitter": 0,
			"rearWing": 1,
			"brakeDuct": [ 4, 3 ]
		},
		"drivetrain":
		{
			"preload": 13
		}
	},
	"trackBopType": 33
}