{
	"carName": "ferrari_488_gt3_evo",
	"basicSetup":
	{
		"tyres":
		{
			"tyreCompound": 0,
			"tyrePressure": [ 60, 61, 60, 61 ]
		},
		"alignment":
		{
			"camber": [ 0, 0, 0, 0 ],
			"toe": [ 0, 0, 0, 0 ],
			"staticCamber": [ -3.2020328044891357, -3.2015819549560547, -2.3236250877380371, -2.3227782249450684 ],
			"toeOutLinear": [ 0.0019737398251891136, 0.00197373959235847, -0.0015266474802047014, -0.0015267030103132129 ],
			"casterLF": 48,
			"casterRF": 48,
			"steerRatio": 4
		},
		"electronics":
		{
			"tC1": 9,
			"tC2": 0,
			"abs": 4,
			"eCUMap": 0,
			"fuelMix": 0,
			"telemetryLaps": 5
		},
		"strategy":
		{
			"fuel": 10,
			"nPitStops": 0,
			"tyreSet": 4,
			"frontBrakePadCompound": 0,
			"rearBrakePadCompound": 0,
			"pitStrategy": [
				{
					"fuelToAdd": 0,
					"tyres":
					{
						"tyreCompound": 0,
						"tyrePressure": [ 60, 61, 60, 61 ]
					},
					"tyreSet": 2,
					"frontBrakePadCompound": 1,
					"rearBrakePadCompound": 1
				}
			],
			"fuelPerLap": 3.8376312255859375
		}
	},
	"advancedSetup":
	{
		"mechanicalBalance":
		{
			"aRBFront": 30,
			"aRBRear": 8,
			"wheelRate": [ 8, 8, 3, 3 ],
			"bumpStopRateUp": [ 7, 7, 2, 2 ],
			"bumpStopRateDn": [ 0, 0, 10, 10 ],
			"bumpStopWindow": [ 0, 0, 28, 28 ],
			"brakeTorque": 20,
			"brakeBias": 25
		},
		"dampers":
		{
			"bumpSlow": [ 4, 3, 4, 3 ],
			"bumpFast": [ 1, 1, 3, 3 ],
			"reboundSlow": [ 5, 3, 9, 7 ],
			"reboundFast": [ 2, 2, 4, 4 ]
		},
		"aeroBalance":
		{
			"rideHeight": [ 3, 6, 7, 18 ],
			"rodLength": [ -32.817455291748047, -32.817455291748047, -19.58544921875, -19.58544921875 ],
			"splitter": 0,
			"rearWing": 2,
			"brakeDuct": [ 3, 3 ]
		},
		"drivetrain":
		{
			"preload": 20
		}
	},
	"trackBopType": 33
}