{
	"carName": "porsche_992_gt3_r",
	"basicSetup":
	{
		"tyres":
		{
			"tyreCompound": 0,
			"tyrePressure": [ 49, 58, 41, 48 ]
		},
		"alignment":
		{
			"camber": [ 0, 0, 0, 0 ],
			"toe": [ 20, 20, 20, 20 ],
			"staticCamber": [ -4.5833730697631836, -4.5780954360961914, 0.45408439636230469, 0.45950278639793396 ],
			"toeOutLinear": [ 0.00040983219514600933, 0.00040983367944136262, -0.0058990097604691982, -0.0058989706449210644 ],
			"casterLF": 18,
			"casterRF": 18,
			"steerRatio": 4
		},
		"electronics":
		{
			"tC1": 4,
			"tC2": 0,
			"abs": 2,
			"eCUMap": 7,
			"fuelMix": 0,
			"telemetryLaps": 99
		},
		"strategy":
		{
			"fuel": 7,
			"nPitStops": 0,
			"tyreSet": 9,
			"frontBrakePadCompound": 0,
			"rearBrakePadCompound": 0,
			"pitStrategy": [
				{
					"fuelToAdd": 0,
					"tyres":
					{
						"tyreCompound": 0,
						"tyrePressure": [ 41, 50, 34, 41 ]
					},
					"tyreSet": 2,
					"frontBrakePadCompound": 1,
					"rearBrakePadCompound": 1
				}
			],
			"fuelPerLap": 2.9118151664733887
		}
	},
	"advancedSetup":
	{
		"mechanicalBalance":
		{
			"aRBFront": 5,
			"aRBRear": 2,
			"wheelRate": [ 3, 3, 2, 2 ],
			"bumpStopRateUp": [ 12, 12, 12, 12 ],
			"bumpStopRateDn": [ 0, 0, 10, 10 ],
			"bumpStopWindow": [ 30, 30, 10, 10 ],
			"brakeTorque": 20,
			"brakeBias": 22
		},
		"dampers":
		{
			"bumpSlow": [ 8, 8, 10, 10 ],
			"bumpFast": [ 5, 5, 7, 7 ],
			"reboundSlow": [ 5, 5, 10, 10 ],
			"reboundFast": [ 10, 10, 9, 9 ]
		},
		"aeroBalance":
		{
			"rideHeight": [ 0, 11, 10, 18 ],
			"rodLength": [ 34.450698852539063, 34.450698852539063, -65.463699340820313, -65.463699340820313 ],
			"splitter": 0,
			"rearWing": 10,
			"brakeDuct": [ 3, 4 ]
		},
		"drivetrain":
		{
			"preload": 19
		}
	},
	"trackBopType": 52
}