{
	"carName": "porsche_992_gt3_r",
	"basicSetup":
	{
		"tyres":
		{
			"tyreCompound": 0,
			"tyrePressure": [ 49, 59, 41, 47 ]
		},
		"alignment":
		{
			"camber": [ 0, 0, 5, 5 ],
			"toe": [ 20, 20, 20, 20 ],
			"staticCamber": [ -4.5837140083312988, -4.5780086517333984, 1.0827128887176514, 1.0873299837112427 ],
			"toeOutLinear": [ 0.00040984200313687325, 0.00040982759674079716, -0.0059223431162536144, -0.0059223808348178864 ],
			"casterLF": 18,
			"casterRF": 18,
			"steerRatio": 5
		},
		"electronics":
		{
			"tC1": 3,
			"tC2": 3,
			"abs": 4,
			"eCUMap": 7,
			"fuelMix": 0,
			"telemetryLaps": 99
		},
		"strategy":
		{
			"fuel": 7,
			"nPitStops": 0,
			"tyreSet": 9,
			"frontBrakePadCompound": 0,
			"rearBrakePadCompound": 0,
			"pitStrategy": [
				{
					"fuelToAdd": 0,
					"tyres":
					{
						"tyreCompound": 0,
						"tyrePressure": [ 41, 50, 34, 41 ]
					},
					"tyreSet": 2,
					"frontBrakePadCompound": 1,
					"rearBrakePadCompound": 1
				}
			],
			"fuelPerLap": 2.9234929084777832
		}
	},
	"advancedSetup":
	{
		"mechanicalBalance":
		{
			"aRBFront": 5,
			"aRBRear": 1,
			"wheelRate": [ 4, 4, 4, 4 ],
			"bumpStopRateUp": [ 4, 4, 2, 2 ],
			"bumpStopRateDn": [ 0, 0, 10, 10 ],
			"bumpStopWindow": [ 15, 15, 12, 12 ],
			"brakeTorque": 20,
			"brakeBias": 23
		},
		"dampers":
		{
			"bumpSlow": [ 5, 5, 4, 4 ],
			"bumpFast": [ 5, 5, 7, 7 ],
			"reboundSlow": [ 7, 7, 10, 10 ],
			"reboundFast": [ 10, 10, 9, 9 ]
		},
		"aeroBalance":
		{
			"rideHeight": [ 0, 11, 8, 18 ],
			"rodLength": [ 33.306148529052734, 33.306148529052734, -69.616531372070313, -69.616531372070313 ],
			"splitter": 0,
			"rearWing": 9,
			"brakeDuct": [ 3, 4 ]
		},
		"drivetrain":
		{
			"preload": 23
		}
	},
	"trackBopType": 52
}