{
	"carName": "honda_nsx_gt3_evo",
	"basicSetup":
	{
		"tyres":
		{
			"tyreCompound": 0,
			"tyrePressure": [ 71, 80, 62, 69 ]
		},
		"alignment":
		{
			"camber": [ 4, 4, 10, 10 ],
			"toe": [ 35, 33, 40, 40 ],
			"staticCamber": [ -1.7154284715652466, -1.716834545135498, -1.4189413785934448, -1.4143893718719482 ],
			"toeOutLinear": [ 0.00060658791335299611, 0.00065368670038878918, -0.0003808378241956234, -0.00038111390313133597 ],
			"casterLF": 24,
			"casterRF": 24,
			"steerRatio": 3
		},
		"electronics":
		{
			"tC1": 4,
			"tC2": 5,
			"abs": 2,
			"eCUMap": 1,
			"fuelMix": 0,
			"telemetryLaps": 30
		},
		"strategy":
		{
			"fuel": 118,
			"nPitStops": 0,
			"tyreSet": 8,
			"frontBrakePadCompound": 0,
			"rearBrakePadCompound": 0,
			"pitStrategy": [
				{
					"fuelToAdd": 45,
					"tyres":
					{
						"tyreCompound": 0,
						"tyrePressure": [ 76, 80, 74, 69 ]
					},
					"tyreSet": 0,
					"frontBrakePadCompound": 0,
					"rearBrakePadCompound": 0
				}
			],
			"fuelPerLap": 3.4500000476837158
		}
	},
	"advancedSetup":
	{
		"mechanicalBalance":
		{
			"aRBFront": 6,
			"aRBRear": 2,
			"wheelRate": [ 4, 4, 0, 0 ],
			"bumpStopRateUp": [ 4, 4, 2, 2 ],
			"bumpStopRateDn": [ 0, 0, 10, 10 ],
			"bumpStopWindow": [ 3, 3, 30, 30 ],
			"brakeTorque": 20,
			"brakeBias": 25
		},
		"dampers":
		{
			"bumpSlow": [ 16, 16, 21, 21 ],
			"bumpFast": [ 5, 5, 15, 15 ],
			"reboundSlow": [ 18, 18, 25, 25 ],
			"reboundFast": [ 10, 10, 20, 20 ]
		},
		"aeroBalance":
		{
			"rideHeight": [ 0, 6, 9, 18 ],
			"rodLength": [ -22.337865829467773, -22.337865829467773, 11.148442268371582, 11.148442268371582 ],
			"splitter": 0,
			"rearWing": 0,
			"brakeDuct": [ 3, 3 ]
		},
		"drivetrain":
		{
			"preload": 3
		}
	},
	"trackBopType": 25
}