{
	"carName": "mclaren_720s_gt3",
	"basicSetup":
	{
		"tyres":
		{
			"tyreCompound": 0,
			"tyrePressure": [ 61, 66, 59, 66 ]
		},
		"alignment":
		{
			"camber": [ 6, 6, 15, 15 ],
			"toe": [ 33, 33, 25, 28 ],
			"staticCamber": [ -5.0156517028808594, -5.0104269981384277, -4.167205810546875, -4.1551342010498047 ],
			"toeOutLinear": [ 0.0016925270901992917, 0.0016925130039453506, 0.00047543758410029113, 0.00054394145263358951 ],
			"casterLF": 11,
			"casterRF": 11,
			"steerRatio": 1
		},
		"electronics":
		{
			"tC1": 3,
			"tC2": 6,
			"abs": 3,
			"eCUMap": 0,
			"fuelMix": 0,
			"telemetryLaps": 99
		},
		"strategy":
		{
			"fuel": 13,
			"nPitStops": 0,
			"tyreSet": 0,
			"frontBrakePadCompound": 0,
			"rearBrakePadCompound": 0,
			"pitStrategy": [
				{
					"fuelToAdd": 0,
					"tyres":
					{
						"tyreCompound": 0,
						"tyrePressure": [ 51, 56, 51, 58 ]
					},
					"tyreSet": 2,
					"frontBrakePadCompound": 1,
					"rearBrakePadCompound": 1
				}
			],
			"fuelPerLap": 2.3700661659240723
		}
	},
	"advancedSetup":
	{
		"mechanicalBalance":
		{
			"aRBFront": 4,
			"aRBRear": 3,
			"wheelRate": [ 3, 3, 6, 6 ],
			"bumpStopRateUp": [ 5, 5, 2, 2 ],
			"bumpStopRateDn": [ 0, 0, 10, 10 ],
			"bumpStopWindow": [ 3, 3, 50, 50 ],
			"brakeTorque": 20,
			"brakeBias": 30
		},
		"dampers":
		{
			"bumpSlow": [ 32, 32, 10, 10 ],
			"bumpFast": [ 16, 16, 10, 10 ],
			"reboundSlow": [ 14, 14, 32, 32 ],
			"reboundFast": [ 18, 18, 10, 10 ]
		},
		"aeroBalance":
		{
			"rideHeight": [ 3, 6, 3, 18 ],
			"rodLength": [ 60.182346343994141, 60.182346343994141, 29.887491226196289, 29.887491226196289 ],
			"splitter": 0,
			"rearWing": 5,
			"brakeDuct": [ 2, 2 ]
		},
		"drivetrain":
		{
			"preload": 6
		}
	},
	"trackBopType": 20
}