{
	"carName": "mclaren_720s_gt3",
	"basicSetup":
	{
		"tyres":
		{
			"tyreCompound": 1,
			"tyrePressure": [ 78, 79, 79, 81 ]
		},
		"alignment":
		{
			"camber": [ 20, 20, 30, 30 ],
			"toe": [ 33, 33, 10, 10 ],
			"staticCamber": [ -3.6066157817840576, -3.6061716079711914, -2.7335045337677002, -2.7321374416351318 ],
			"toeOutLinear": [ 0.0017951938789337873, 0.0017952037742361426, 0.00014723111235070974, 0.00014719608589075506 ],
			"casterLF": 11,
			"casterRF": 11,
			"steerRatio": 1
		},
		"electronics":
		{
			"tC1": 3,
			"tC2": 6,
			"abs": 5,
			"eCUMap": 0,
			"fuelMix": 0,
			"telemetryLaps": 99
		},
		"strategy":
		{
			"fuel": 13,
			"nPitStops": 0,
			"tyreSet": 0,
			"frontBrakePadCompound": 0,
			"rearBrakePadCompound": 0,
			"pitStrategy": [
				{
					"fuelToAdd": 0,
					"tyres":
					{
						"tyreCompound": 0,
						"tyrePressure": [ 51, 56, 51, 58 ]
					},
					"tyreSet": 2,
					"frontBrakePadCompound": 1,
					"rearBrakePadCompound": 1
				}
			],
			"fuelPerLap": 2.3537688255310059
		}
	},
	"advancedSetup":
	{
		"mechanicalBalance":
		{
			"aRBFront": 10,
			"aRBRear": 6,
			"wheelRate": [ 0, 0, 3, 3 ],
			"bumpStopRateUp": [ 5, 5, 2, 2 ],
			"bumpStopRateDn": [ 0, 0, 10, 10 ],
			"bumpStopWindow": [ 3, 3, 50, 50 ],
			"brakeTorque": 20,
			"brakeBias": 10
		},
		"dampers":
		{
			"bumpSlow": [ 30, 30, 8, 8 ],
			"bumpFast": [ 11, 11, 17, 17 ],
			"reboundSlow": [ 16, 16, 37, 37 ],
			"reboundFast": [ 10, 10, 2, 2 ]
		},
		"aeroBalance":
		{
			"rideHeight": [ 8, 6, 5, 18 ],
			"rodLength": [ 70.206047058105469, 70.206047058105469, 35.608421325683594, 35.608421325683594 ],
			"splitter": 0,
			"rearWing": 7,
			"brakeDuct": [ 2, 2 ]
		},
		"drivetrain":
		{
			"preload": 1
		}
	},
	"trackBopType": 20
}