{
	"carName": "audi_r8_lms_evo",
	"basicSetup":
	{
		"tyres":
		{
			"tyreCompound": 0,
			"tyrePressure": [ 65, 68, 65, 69 ]
		},
		"alignment":
		{
			"camber": [ 12, 13, 16, 16 ],
			"toe": [ 32, 28, 60, 60 ],
			"staticCamber": [ -3.9745891094207764, -3.8545217514038086, -3.133197546005249, -3.2357997894287109 ],
			"toeOutLinear": [ 0.00034563010558485985, 0.00043220695806667209, 0.00068990094587206841, 0.00068943150108680129 ],
			"casterLF": 14,
			"casterRF": 14,
			"steerRatio": 4
		},
		"electronics":
		{
			"tC1": 3,
			"tC2": 0,
			"abs": 4,
			"eCUMap": 0,
			"fuelMix": 0,
			"telemetryLaps": 2
		},
		"strategy":
		{
			"fuel": 0,
			"nPitStops": 0,
			"tyreSet": 6,
			"frontBrakePadCompound": 3,
			"rearBrakePadCompound": 3,
			"pitStrategy": [
				{
					"fuelToAdd": 0,
					"tyres":
					{
						"tyreCompound": 0,
						"tyrePressure": [ 48, 61, 45, 56 ]
					},
					"tyreSet": 2,
					"frontBrakePadCompound": 0,
					"rearBrakePadCompound": 0
				}
			],
			"fuelPerLap": 2.7699999809265137
		}
	},
	"advancedSetup":
	{
		"mechanicalBalance":
		{
			"aRBFront": 2,
			"aRBRear": 1,
			"wheelRate": [ 3, 3, 4, 4 ],
			"bumpStopRateUp": [ 5, 5, 4, 4 ],
			"bumpStopRateDn": [ 0, 0, 10, 10 ],
			"bumpStopWindow": [ 1, 1, 40, 40 ],
			"brakeTorque": 20,
			"brakeBias": 55
		},
		"dampers":
		{
			"bumpSlow": [ 9, 9, 29, 29 ],
			"bumpFast": [ 32, 32, 9, 9 ],
			"reboundSlow": [ 13, 13, 29, 29 ],
			"reboundFast": [ 38, 38, 7, 7 ]
		},
		"aeroBalance":
		{
			"rideHeight": [ 2, 6, 9, 18 ],
			"rodLength": [ 27.146068572998047, 27.146068572998047, 8.0234479904174805, 8.0234479904174805 ],
			"splitter": 0,
			"rearWing": 4,
			"brakeDuct": [ 2, 1 ]
		},
		"drivetrain":
		{
			"preload": 13
		}
	}
}