{
	"carName": "lexus_rc_f_gt3",
	"basicSetup":
	{
		"tyres":
		{
			"tyreCompound": 0,
			"tyrePressure": [ 65, 65, 66, 66 ]
		},
		"alignment":
		{
			"camber": [ 2, 2, 1, 1 ],
			"toe": [ 30, 30, 50, 50 ],
			"staticCamber": [ -3.3301005363464355, -3.3300886154174805, -2.4302003383636475, -2.4302294254302979 ],
			"toeOutLinear": [ 2.8089760235161521e-05, 2.8090717023587786e-05, 0.00098148791585117579, 0.00098149757832288742 ],
			"casterLF": 22,
			"casterRF": 22,
			"steerRatio": 3
		},
		"electronics":
		{
			"tC1": 3,
			"tC2": 0,
			"abs": 2,
			"eCUMap": 0,
			"fuelMix": 0,
			"telemetryLaps": 5
		},
		"strategy":
		{
			"fuel": 0,
			"nPitStops": 0,
			"tyreSet": 14,
			"frontBrakePadCompound": 0,
			"rearBrakePadCompound": 0,
			"pitStrategy": [
				{
					"fuelToAdd": 0,
					"tyres":
					{
						"tyreCompound": 0,
						"tyrePressure": [ 53, 57, 51, 56 ]
					},
					"tyreSet": 2,
					"frontBrakePadCompound": 1,
					"rearBrakePadCompound": 1
				}
			],
			"fuelPerLap": 3.2400000095367432
		}
	},
	"advancedSetup":
	{
		"mechanicalBalance":
		{
			"aRBFront": 5,
			"aRBRear": 1,
			"wheelRate": [ 3, 3, 3, 3 ],
			"bumpStopRateUp": [ 4, 4, 3, 3 ],
			"bumpStopRateDn": [ 0, 0, 10, 10 ],
			"bumpStopWindow": [ 1, 1, 50, 50 ],
			"brakeTorque": 20,
			"brakeBias": 64
		},
		"dampers":
		{
			"bumpSlow": [ 12, 12, 17, 17 ],
			"bumpFast": [ 10, 10, 10, 10 ],
			"reboundSlow": [ 17, 17, 25, 25 ],
			"reboundFast": [ 18, 18, 17, 17 ]
		},
		"aeroBalance":
		{
			"rideHeight": [ 5, 6, 10, 18 ],
			"rodLength": [ -18.142511367797852, -18.142511367797852, -15.418331146240234, -15.418331146240234 ],
			"splitter": 0,
			"rearWing": 11,
			"brakeDuct": [ 2, 1 ]
		},
		"drivetrain":
		{
			"preload": 6
		}
	},
	"trackBopType": 27
}