{
	"carName": "ferrari_488_gt3",
	"basicSetup":
	{
		"tyres":
		{
			"tyreCompound": 0,
			"tyrePressure": [ 57, 64, 57, 64 ]
		},
		"alignment":
		{
			"camber": [ 13, 13, 15, 15 ],
			"toe": [ 32, 32, 60, 60 ],
			"staticCamber": [ -2.7415478229522705, -2.7177815437316895, -2.6817207336425781, -2.657435417175293 ],
			"toeOutLinear": [ -0.0018238590564578772, -0.0018256132025271654, 0.00017399905482307076, 0.00017402840603608638 ],
			"casterLF": 46,
			"casterRF": 46,
			"steerRatio": 5
		},
		"electronics":
		{
			"tC1": 4,
			"tC2": 3,
			"abs": 4,
			"eCUMap": 0,
			"fuelMix": 0,
			"telemetryLaps": 99
		},
		"strategy":
		{
			"fuel": 0,
			"nPitStops": 0,
			"tyreSet": 26,
			"frontBrakePadCompound": 0,
			"rearBrakePadCompound": 0,
			"pitStrategy": [
				{
					"fuelToAdd": 0,
					"tyres":
					{
						"tyreCompound": 0,
						"tyrePressure": [ 43, 49, 43, 49 ]
					},
					"tyreSet": 2,
					"frontBrakePadCompound": 1,
					"rearBrakePadCompound": 1
				}
			],
			"fuelPerLap": 2.4900000095367432
		}
	},
	"advancedSetup":
	{
		"mechanicalBalance":
		{
			"aRBFront": 30,
			"aRBRear": 10,
			"wheelRate": [ 7, 7, 2, 2 ],
			"bumpStopRateUp": [ 7, 7, 2, 2 ],
			"bumpStopRateDn": [ 0, 0, 10, 10 ],
			"bumpStopWindow": [ 6, 6, 15, 15 ],
			"brakeTorque": 20,
			"brakeBias": 47
		},
		"dampers":
		{
			"bumpSlow": [ 7, 6, 1, 2 ],
			"bumpFast": [ 2, 2, 3, 3 ],
			"reboundSlow": [ 5, 5, 7, 5 ],
			"reboundFast": [ 4, 4, 4, 4 ]
		},
		"aeroBalance":
		{
			"rideHeight": [ 11, 6, 13, 18 ],
			"rodLength": [ -23.000951766967773, -23.000951766967773, -10.138672828674316, -10.138672828674316 ],
			"splitter": 0,
			"rearWing": 8,
			"brakeDuct": [ 2, 1 ]
		},
		"drivetrain":
		{
			"preload": 9
		}
	}
}