{
	"carName": "porsche_992_gt3_r",
	"basicSetup":
	{
		"tyres":
		{
			"tyreCompound": 0,
			"tyrePressure": [ 59, 48, 48, 39 ]
		},
		"alignment":
		{
			"camber": [ 0, 0, 0, 0 ],
			"toe": [ 20, 20, 20, 20 ],
			"staticCamber": [ -4.5737156867980957, -4.5800008773803711, 0.023033175617456436, 0.016122449189424515 ],
			"toeOutLinear": [ 0.00041047728154808283, 0.0004104894760530442, -0.0057458244264125824, -0.0057458574883639812 ],
			"casterLF": 18,
			"casterRF": 18,
			"steerRatio": 4
		},
		"electronics":
		{
			"tC1": 4,
			"tC2": 0,
			"abs": 3,
			"eCUMap": 7,
			"fuelMix": 0,
			"telemetryLaps": 99
		},
		"strategy":
		{
			"fuel": 10,
			"nPitStops": 0,
			"tyreSet": 1,
			"frontBrakePadCompound": 0,
			"rearBrakePadCompound": 0,
			"pitStrategy": [
				{
					"fuelToAdd": 0,
					"tyres":
					{
						"tyreCompound": 0,
						"tyrePressure": [ 56, 57, 50, 51 ]
					},
					"tyreSet": 2,
					"frontBrakePadCompound": 1,
					"rearBrakePadCompound": 1
				}
			],
			"fuelPerLap": 2.33235764503479
		}
	},
	"advancedSetup":
	{
		"mechanicalBalance":
		{
			"aRBFront": 3,
			"aRBRear": 3,
			"wheelRate": [ 5, 5, 2, 2 ],
			"bumpStopRateUp": [ 7, 7, 4, 4 ],
			"bumpStopRateDn": [ 0, 0, 10, 10 ],
			"bumpStopWindow": [ 12, 12, 18, 18 ],
			"brakeTorque": 20,
			"brakeBias": 22
		},
		"dampers":
		{
			"bumpSlow": [ 4, 4, 5, 5 ],
			"bumpFast": [ 6, 6, 5, 5 ],
			"reboundSlow": [ 5, 5, 7, 7 ],
			"reboundFast": [ 7, 7, 9, 9 ]
		},
		"aeroBalance":
		{
			"rideHeight": [ 0, 11, 18, 18 ],
			"rodLength": [ 31.903366088867188, 31.903366088867188, -57.882316589355469, -57.882316589355469 ],
			"splitter": 0,
			"rearWing": 12,
			"brakeDuct": [ 3, 4 ]
		},
		"drivetrain":
		{
			"preload": 7
		}
	},
	"trackBopType": 36
}