{
	"carName": "mclaren_720s_gt3",
	"basicSetup":
	{
		"tyres":
		{
			"tyreCompound": 0,
			"tyrePressure": [ 59, 55, 58, 55 ]
		},
		"alignment":
		{
			"camber": [ 5, 5, 15, 15 ],
			"toe": [ 38, 38, 25, 25 ],
			"staticCamber": [ -5.1066656112670898, -5.1089425086975098, -4.6022648811340332, -4.6042995452880859 ],
			"toeOutLinear": [ 0.0015896504046395421, 0.0015897947596386075, 0.00056133820908144116, 0.0005613145767711103 ],
			"casterLF": 11,
			"casterRF": 11,
			"steerRatio": 0
		},
		"electronics":
		{
			"tC1": 4,
			"tC2": 6,
			"abs": 6,
			"eCUMap": 0,
			"fuelMix": 0,
			"telemetryLaps": 0
		},
		"strategy":
		{
			"fuel": 0,
			"nPitStops": 0,
			"tyreSet": 3,
			"frontBrakePadCompound": 0,
			"rearBrakePadCompound": 0,
			"pitStrategy": [
				{
					"fuelToAdd": 0,
					"tyres":
					{
						"tyreCompound": 0,
						"tyrePressure": [ 57, 49, 56, 52 ]
					},
					"tyreSet": 2,
					"frontBrakePadCompound": 1,
					"rearBrakePadCompound": 1
				}
			],
			"fuelPerLap": 2.7000000476837158
		}
	},
	"advancedSetup":
	{
		"mechanicalBalance":
		{
			"aRBFront": 7,
			"aRBRear": 3,
			"wheelRate": [ 4, 4, 3, 3 ],
			"bumpStopRateUp": [ 7, 7, 2, 2 ],
			"bumpStopRateDn": [ 0, 0, 10, 10 ],
			"bumpStopWindow": [ 7, 7, 50, 50 ],
			"brakeTorque": 20,
			"brakeBias": 24
		},
		"dampers":
		{
			"bumpSlow": [ 25, 25, 20, 20 ],
			"bumpFast": [ 25, 25, 23, 23 ],
			"reboundSlow": [ 15, 15, 22, 22 ],
			"reboundFast": [ 15, 15, 23, 23 ]
		},
		"aeroBalance":
		{
			"rideHeight": [ 2, 6, 16, 18 ],
			"rodLength": [ 58.074142456054688, 58.074142456054688, 46.265232086181641, 46.265232086181641 ],
			"splitter": 0,
			"rearWing": 6,
			"brakeDuct": [ 3, 2 ]
		},
		"drivetrain":
		{
			"preload": 6
		}
	},
	"trackBopType": 15
}